sign_id,sign_name,unicode_value,character,character_image,frequency_count,contexts,variants,transliteration,classification,sources
U+18B00,Khitan Large Script Character 18B00,U+18B00,𘬀,,0,[],[],,Unicode Block,"[{'source_name': 'Unicode', 'url': 'Unicode Block U+18B00–U+18CFF', 'fetched_at': '2025-09-22T17:38:31.190248'}]"
U+18B01,Khitan Large Script Character 18B01,U+18B01,𘬁,,0,[],[],,Unicode Block,"[{'source_name': 'Unicode', 'url': 'Unicode Block U+18B00–U+18CFF', 'fetched_at': '2025-09-22T17:38:31.190260'}]"
U+18B02,Khitan Large Script Character 18B02,U+18B02,𘬂,,0,[],[],,Unicode Block,"[{'source_name': 'Unicode', 'url': 'Unicode Block U+18B00–U+18CFF', 'fetched_at': '2025-09-22T17:38:31.190267'}]"
U+18B03,Khitan Large Script Character 18B03,U+18B03,𘬃,,0,[],[],,Unicode Block,"[{'source_name': 'Unicode', 'url': 'Unicode Block U+18B00–U+18CFF', 'fetched_at': '2025-09-22T17:38:31.190273'}]"
U+18B04,Khitan Large Script Character 18B04,U+18B04,𘬄,,0,[],[],,Unicode Block,"[{'source_name': 'Unicode', 'url': 'Unicode Block U+18B00–U+18CFF', 'fetched_at': '2025-09-22T17:38:31.190283'}]"
U+18B05,Khitan Large Script Character 18B05,U+18B05,𘬅,,0,[],[],,Unicode Block,"[{'source_name': 'Unicode', 'url': 'Unicode Block U+18B00–U+18CFF', 'fetched_at': '2025-09-22T17:38:31.190289'}]"
U+18B06,Khitan Large Script Character 18B06,U+18B06,𘬆,,0,[],[],,Unicode Block,"[{'source_name': 'Unicode', 'url': 'Unicode Block U+18B00–U+18CFF', 'fetched_at': '2025-09-22T17:38:31.190295'}]"
U+18B07,Khitan Large Script Character 18B07,U+18B07,𘬇,,0,[],[],,Unicode Block,"[{'source_name': 'Unicode', 'url': 'Unicode Block U+18B00–U+18CFF', 'fetched_at': '2025-09-22T17:38:31.190301'}]"
U+18B08,Khitan Large Script Character 18B08,U+18B08,𘬈,,0,[],[],,Unicode Block,"[{'source_name': 'Unicode', 'url': 'Unicode Block U+18B00–U+18CFF', 'fetched_at': '2025-09-22T17:38:31.190307'}]"
U+18B09,Khitan Large Script Character 18B09,U+18B09,𘬉,,0,[],[],,Unicode Block,"[{'source_name': 'Unicode', 'url': 'Unicode Block U+18B00–U+18CFF', 'fetched_at': '2025-09-22T17:38:31.190313'}]"
U+18B0A,Khitan Large Script Character 18B0A,U+18B0A,𘬊,,0,[],[],,Unicode Block,"[{'source_name': 'Unicode', 'url': 'Unicode Block U+18B00–U+18CFF', 'fetched_at': '2025-09-22T17:38:31.190319'}]"
U+18B0B,Khitan Large Script Character 18B0B,U+18B0B,𘬋,,0,[],[],,Unicode Block,"[{'source_name': 'Unicode', 'url': 'Unicode Block U+18B00–U+18CFF', 'fetched_at': '2025-09-22T17:38:31.190327'}]"
U+18B0C,Khitan Large Script Character 18B0C,U+18B0C,𘬌,,0,[],[],,Unicode Block,"[{'source_name': 'Unicode', 'url': 'Unicode Block U+18B00–U+18CFF', 'fetched_at': '2025-09-22T17:38:31.190333'}]"
U+18B0D,Khitan Large Script Character 18B0D,U+18B0D,𘬍,,0,[],[],,Unicode Block,"[{'source_name': 'Unicode', 'url': 'Unicode Block U+18B00–U+18CFF', 'fetched_at': '2025-09-22T17:38:31.190339'}]"
U+18B0E,Khitan Large Script Character 18B0E,U+18B0E,𘬎,,0,[],[],,Unicode Block,"[{'source_name': 'Unicode', 'url': 'Unicode Block U+18B00–U+18CFF', 'fetched_at': '2025-09-22T17:38:31.190346'}]"
U+18B0F,Khitan Large Script Character 18B0F,U+18B0F,𘬏,,0,[],[],,Unicode Block,"[{'source_name': 'Unicode', 'url': 'Unicode Block U+18B00–U+18CFF', 'fetched_at': '2025-09-22T17:38:31.190352'}]"
U+18B10,Khitan Large Script Character 18B10,U+18B10,𘬐,,0,[],[],,Unicode Block,"[{'source_name': 'Unicode', 'url': 'Unicode Block U+18B00–U+18CFF', 'fetched_at': '2025-09-22T17:38:31.190358'}]"
U+18B11,Khitan Large Script Character 18B11,U+18B11,𘬑,,0,[],[],,Unicode Block,"[{'source_name': 'Unicode', 'url': 'Unicode Block U+18B00–U+18CFF', 'fetched_at': '2025-09-22T17:38:31.190364'}]"
U+18B12,Khitan Large Script Character 18B12,U+18B12,𘬒,,0,[],[],,Unicode Block,"[{'source_name': 'Unicode', 'url': 'Unicode Block U+18B00–U+18CFF', 'fetched_at': '2025-09-22T17:38:31.190370'}]"
U+18B13,Khitan Large Script Character 18B13,U+18B13,𘬓,,0,[],[],,Unicode Block,"[{'source_name': 'Unicode', 'url': 'Unicode Block U+18B00–U+18CFF', 'fetched_at': '2025-09-22T17:38:31.190376'}]"
U+18B14,Khitan Large Script Character 18B14,U+18B14,𘬔,,0,[],[],,Unicode Block,"[{'source_name': 'Unicode', 'url': 'Unicode Block U+18B00–U+18CFF', 'fetched_at': '2025-09-22T17:38:31.190381'}]"
U+18B15,Khitan Large Script Character 18B15,U+18B15,𘬕,,0,[],[],,Unicode Block,"[{'source_name': 'Unicode', 'url': 'Unicode Block U+18B00–U+18CFF', 'fetched_at': '2025-09-22T17:38:31.190387'}]"
U+18B16,Khitan Large Script Character 18B16,U+18B16,𘬖,,0,[],[],,Unicode Block,"[{'source_name': 'Unicode', 'url': 'Unicode Block U+18B00–U+18CFF', 'fetched_at': '2025-09-22T17:38:31.190393'}]"
U+18B17,Khitan Large Script Character 18B17,U+18B17,𘬗,,0,[],[],,Unicode Block,"[{'source_name': 'Unicode', 'url': 'Unicode Block U+18B00–U+18CFF', 'fetched_at': '2025-09-22T17:38:31.190399'}]"
U+18B18,Khitan Large Script Character 18B18,U+18B18,𘬘,,0,[],[],,Unicode Block,"[{'source_name': 'Unicode', 'url': 'Unicode Block U+18B00–U+18CFF', 'fetched_at': '2025-09-22T17:38:31.190407'}]"
U+18B19,Khitan Large Script Character 18B19,U+18B19,𘬙,,0,[],[],,Unicode Block,"[{'source_name': 'Unicode', 'url': 'Unicode Block U+18B00–U+18CFF', 'fetched_at': '2025-09-22T17:38:31.190413'}]"
U+18B1A,Khitan Large Script Character 18B1A,U+18B1A,𘬚,,0,[],[],,Unicode Block,"[{'source_name': 'Unicode', 'url': 'Unicode Block U+18B00–U+18CFF', 'fetched_at': '2025-09-22T17:38:31.190419'}]"
U+18B1B,Khitan Large Script Character 18B1B,U+18B1B,𘬛,,0,[],[],,Unicode Block,"[{'source_name': 'Unicode', 'url': 'Unicode Block U+18B00–U+18CFF', 'fetched_at': '2025-09-22T17:38:31.190425'}]"
U+18B1C,Khitan Large Script Character 18B1C,U+18B1C,𘬜,,0,[],[],,Unicode Block,"[{'source_name': 'Unicode', 'url': 'Unicode Block U+18B00–U+18CFF', 'fetched_at': '2025-09-22T17:38:31.190431'}]"
U+18B1D,Khitan Large Script Character 18B1D,U+18B1D,𘬝,,0,[],[],,Unicode Block,"[{'source_name': 'Unicode', 'url': 'Unicode Block U+18B00–U+18CFF', 'fetched_at': '2025-09-22T17:38:31.190437'}]"
U+18B1E,Khitan Large Script Character 18B1E,U+18B1E,𘬞,,0,[],[],,Unicode Block,"[{'source_name': 'Unicode', 'url': 'Unicode Block U+18B00–U+18CFF', 'fetched_at': '2025-09-22T17:38:31.190443'}]"
U+18B1F,Khitan Large Script Character 18B1F,U+18B1F,𘬟,,0,[],[],,Unicode Block,"[{'source_name': 'Unicode', 'url': 'Unicode Block U+18B00–U+18CFF', 'fetched_at': '2025-09-22T17:38:31.190449'}]"
U+18B20,Khitan Large Script Character 18B20,U+18B20,𘬠,,0,[],[],,Unicode Block,"[{'source_name': 'Unicode', 'url': 'Unicode Block U+18B00–U+18CFF', 'fetched_at': '2025-09-22T17:38:31.190454'}]"
U+18B21,Khitan Large Script Character 18B21,U+18B21,𘬡,,0,[],[],,Unicode Block,"[{'source_name': 'Unicode', 'url': 'Unicode Block U+18B00–U+18CFF', 'fetched_at': '2025-09-22T17:38:31.190461'}]"
U+18B22,Khitan Large Script Character 18B22,U+18B22,𘬢,,0,[],[],,Unicode Block,"[{'source_name': 'Unicode', 'url': 'Unicode Block U+18B00–U+18CFF', 'fetched_at': '2025-09-22T17:38:31.190469'}]"
U+18B23,Khitan Large Script Character 18B23,U+18B23,𘬣,,0,[],[],,Unicode Block,"[{'source_name': 'Unicode', 'url': 'Unicode Block U+18B00–U+18CFF', 'fetched_at': '2025-09-22T17:38:31.190475'}]"
U+18B24,Khitan Large Script Character 18B24,U+18B24,𘬤,,0,[],[],,Unicode Block,"[{'source_name': 'Unicode', 'url': 'Unicode Block U+18B00–U+18CFF', 'fetched_at': '2025-09-22T17:38:31.190483'}]"
U+18B25,Khitan Large Script Character 18B25,U+18B25,𘬥,,0,[],[],,Unicode Block,"[{'source_name': 'Unicode', 'url': 'Unicode Block U+18B00–U+18CFF', 'fetched_at': '2025-09-22T17:38:31.190489'}]"
U+18B26,Khitan Large Script Character 18B26,U+18B26,𘬦,,0,[],[],,Unicode Block,"[{'source_name': 'Unicode', 'url': 'Unicode Block U+18B00–U+18CFF', 'fetched_at': '2025-09-22T17:38:31.190495'}]"
U+18B27,Khitan Large Script Character 18B27,U+18B27,𘬧,,0,[],[],,Unicode Block,"[{'source_name': 'Unicode', 'url': 'Unicode Block U+18B00–U+18CFF', 'fetched_at': '2025-09-22T17:38:31.190500'}]"
U+18B28,Khitan Large Script Character 18B28,U+18B28,𘬨,,0,[],[],,Unicode Block,"[{'source_name': 'Unicode', 'url': 'Unicode Block U+18B00–U+18CFF', 'fetched_at': '2025-09-22T17:38:31.190506'}]"
U+18B29,Khitan Large Script Character 18B29,U+18B29,𘬩,,0,[],[],,Unicode Block,"[{'source_name': 'Unicode', 'url': 'Unicode Block U+18B00–U+18CFF', 'fetched_at': '2025-09-22T17:38:31.190513'}]"
U+18B2A,Khitan Large Script Character 18B2A,U+18B2A,𘬪,,0,[],[],,Unicode Block,"[{'source_name': 'Unicode', 'url': 'Unicode Block U+18B00–U+18CFF', 'fetched_at': '2025-09-22T17:38:31.190519'}]"
U+18B2B,Khitan Large Script Character 18B2B,U+18B2B,𘬫,,0,[],[],,Unicode Block,"[{'source_name': 'Unicode', 'url': 'Unicode Block U+18B00–U+18CFF', 'fetched_at': '2025-09-22T17:38:31.190524'}]"
U+18B2C,Khitan Large Script Character 18B2C,U+18B2C,𘬬,,0,[],[],,Unicode Block,"[{'source_name': 'Unicode', 'url': 'Unicode Block U+18B00–U+18CFF', 'fetched_at': '2025-09-22T17:38:31.190534'}]"
U+18B2D,Khitan Large Script Character 18B2D,U+18B2D,𘬭,,0,[],[],,Unicode Block,"[{'source_name': 'Unicode', 'url': 'Unicode Block U+18B00–U+18CFF', 'fetched_at': '2025-09-22T17:38:31.190539'}]"
U+18B2E,Khitan Large Script Character 18B2E,U+18B2E,𘬮,,0,[],[],,Unicode Block,"[{'source_name': 'Unicode', 'url': 'Unicode Block U+18B00–U+18CFF', 'fetched_at': '2025-09-22T17:38:31.190545'}]"
U+18B2F,Khitan Large Script Character 18B2F,U+18B2F,𘬯,,0,[],[],,Unicode Block,"[{'source_name': 'Unicode', 'url': 'Unicode Block U+18B00–U+18CFF', 'fetched_at': '2025-09-22T17:38:31.190551'}]"
U+18B30,Khitan Large Script Character 18B30,U+18B30,𘬰,,0,[],[],,Unicode Block,"[{'source_name': 'Unicode', 'url': 'Unicode Block U+18B00–U+18CFF', 'fetched_at': '2025-09-22T17:38:31.190557'}]"
U+18B31,Khitan Large Script Character 18B31,U+18B31,𘬱,,0,[],[],,Unicode Block,"[{'source_name': 'Unicode', 'url': 'Unicode Block U+18B00–U+18CFF', 'fetched_at': '2025-09-22T17:38:31.190563'}]"
U+18B32,Khitan Large Script Character 18B32,U+18B32,𘬲,,0,[],[],,Unicode Block,"[{'source_name': 'Unicode', 'url': 'Unicode Block U+18B00–U+18CFF', 'fetched_at': '2025-09-22T17:38:31.190568'}]"
U+18B33,Khitan Large Script Character 18B33,U+18B33,𘬳,,0,[],[],,Unicode Block,"[{'source_name': 'Unicode', 'url': 'Unicode Block U+18B00–U+18CFF', 'fetched_at': '2025-09-22T17:38:31.190574'}]"
U+18B34,Khitan Large Script Character 18B34,U+18B34,𘬴,,0,[],[],,Unicode Block,"[{'source_name': 'Unicode', 'url': 'Unicode Block U+18B00–U+18CFF', 'fetched_at': '2025-09-22T17:38:31.190580'}]"
U+18B35,Khitan Large Script Character 18B35,U+18B35,𘬵,,0,[],[],,Unicode Block,"[{'source_name': 'Unicode', 'url': 'Unicode Block U+18B00–U+18CFF', 'fetched_at': '2025-09-22T17:38:31.190586'}]"
U+18B36,Khitan Large Script Character 18B36,U+18B36,𘬶,,0,[],[],,Unicode Block,"[{'source_name': 'Unicode', 'url': 'Unicode Block U+18B00–U+18CFF', 'fetched_at': '2025-09-22T17:38:31.190596'}]"
U+18B37,Khitan Large Script Character 18B37,U+18B37,𘬷,,0,[],[],,Unicode Block,"[{'source_name': 'Unicode', 'url': 'Unicode Block U+18B00–U+18CFF', 'fetched_at': '2025-09-22T17:38:31.190603'}]"
U+18B38,Khitan Large Script Character 18B38,U+18B38,𘬸,,0,[],[],,Unicode Block,"[{'source_name': 'Unicode', 'url': 'Unicode Block U+18B00–U+18CFF', 'fetched_at': '2025-09-22T17:38:31.190609'}]"
U+18B39,Khitan Large Script Character 18B39,U+18B39,𘬹,,0,[],[],,Unicode Block,"[{'source_name': 'Unicode', 'url': 'Unicode Block U+18B00–U+18CFF', 'fetched_at': '2025-09-22T17:38:31.190615'}]"
U+18B3A,Khitan Large Script Character 18B3A,U+18B3A,𘬺,,0,[],[],,Unicode Block,"[{'source_name': 'Unicode', 'url': 'Unicode Block U+18B00–U+18CFF', 'fetched_at': '2025-09-22T17:38:31.190621'}]"
U+18B3B,Khitan Large Script Character 18B3B,U+18B3B,𘬻,,0,[],[],,Unicode Block,"[{'source_name': 'Unicode', 'url': 'Unicode Block U+18B00–U+18CFF', 'fetched_at': '2025-09-22T17:38:31.190627'}]"
U+18B3C,Khitan Large Script Character 18B3C,U+18B3C,𘬼,,0,[],[],,Unicode Block,"[{'source_name': 'Unicode', 'url': 'Unicode Block U+18B00–U+18CFF', 'fetched_at': '2025-09-22T17:38:31.190632'}]"
U+18B3D,Khitan Large Script Character 18B3D,U+18B3D,𘬽,,0,[],[],,Unicode Block,"[{'source_name': 'Unicode', 'url': 'Unicode Block U+18B00–U+18CFF', 'fetched_at': '2025-09-22T17:38:31.190638'}]"
U+18B3E,Khitan Large Script Character 18B3E,U+18B3E,𘬾,,0,[],[],,Unicode Block,"[{'source_name': 'Unicode', 'url': 'Unicode Block U+18B00–U+18CFF', 'fetched_at': '2025-09-22T17:38:31.190646'}]"
U+18B3F,Khitan Large Script Character 18B3F,U+18B3F,𘬿,,0,[],[],,Unicode Block,"[{'source_name': 'Unicode', 'url': 'Unicode Block U+18B00–U+18CFF', 'fetched_at': '2025-09-22T17:38:31.190652'}]"
U+18B40,Khitan Large Script Character 18B40,U+18B40,𘭀,,0,[],[],,Unicode Block,"[{'source_name': 'Unicode', 'url': 'Unicode Block U+18B00–U+18CFF', 'fetched_at': '2025-09-22T17:38:31.190660'}]"
U+18B41,Khitan Large Script Character 18B41,U+18B41,𘭁,,0,[],[],,Unicode Block,"[{'source_name': 'Unicode', 'url': 'Unicode Block U+18B00–U+18CFF', 'fetched_at': '2025-09-22T17:38:31.190668'}]"
U+18B42,Khitan Large Script Character 18B42,U+18B42,𘭂,,0,[],[],,Unicode Block,"[{'source_name': 'Unicode', 'url': 'Unicode Block U+18B00–U+18CFF', 'fetched_at': '2025-09-22T17:38:31.190673'}]"
U+18B43,Khitan Large Script Character 18B43,U+18B43,𘭃,,0,[],[],,Unicode Block,"[{'source_name': 'Unicode', 'url': 'Unicode Block U+18B00–U+18CFF', 'fetched_at': '2025-09-22T17:38:31.190679'}]"
U+18B44,Khitan Large Script Character 18B44,U+18B44,𘭄,,0,[],[],,Unicode Block,"[{'source_name': 'Unicode', 'url': 'Unicode Block U+18B00–U+18CFF', 'fetched_at': '2025-09-22T17:38:31.190685'}]"
U+18B45,Khitan Large Script Character 18B45,U+18B45,𘭅,,0,[],[],,Unicode Block,"[{'source_name': 'Unicode', 'url': 'Unicode Block U+18B00–U+18CFF', 'fetched_at': '2025-09-22T17:38:31.190691'}]"
U+18B46,Khitan Large Script Character 18B46,U+18B46,𘭆,,0,[],[],,Unicode Block,"[{'source_name': 'Unicode', 'url': 'Unicode Block U+18B00–U+18CFF', 'fetched_at': '2025-09-22T17:38:31.190696'}]"
U+18B47,Khitan Large Script Character 18B47,U+18B47,𘭇,,0,[],[],,Unicode Block,"[{'source_name': 'Unicode', 'url': 'Unicode Block U+18B00–U+18CFF', 'fetched_at': '2025-09-22T17:38:31.190702'}]"
U+18B48,Khitan Large Script Character 18B48,U+18B48,𘭈,,0,[],[],,Unicode Block,"[{'source_name': 'Unicode', 'url': 'Unicode Block U+18B00–U+18CFF', 'fetched_at': '2025-09-22T17:38:31.190708'}]"
U+18B49,Khitan Large Script Character 18B49,U+18B49,𘭉,,0,[],[],,Unicode Block,"[{'source_name': 'Unicode', 'url': 'Unicode Block U+18B00–U+18CFF', 'fetched_at': '2025-09-22T17:38:31.190714'}]"
U+18B4A,Khitan Large Script Character 18B4A,U+18B4A,𘭊,,0,[],[],,Unicode Block,"[{'source_name': 'Unicode', 'url': 'Unicode Block U+18B00–U+18CFF', 'fetched_at': '2025-09-22T17:38:31.190721'}]"
U+18B4B,Khitan Large Script Character 18B4B,U+18B4B,𘭋,,0,[],[],,Unicode Block,"[{'source_name': 'Unicode', 'url': 'Unicode Block U+18B00–U+18CFF', 'fetched_at': '2025-09-22T17:38:31.190757'}]"
U+18B4C,Khitan Large Script Character 18B4C,U+18B4C,𘭌,,0,[],[],,Unicode Block,"[{'source_name': 'Unicode', 'url': 'Unicode Block U+18B00–U+18CFF', 'fetched_at': '2025-09-22T17:38:31.190768'}]"
U+18B4D,Khitan Large Script Character 18B4D,U+18B4D,𘭍,,0,[],[],,Unicode Block,"[{'source_name': 'Unicode', 'url': 'Unicode Block U+18B00–U+18CFF', 'fetched_at': '2025-09-22T17:38:31.190775'}]"
U+18B4E,Khitan Large Script Character 18B4E,U+18B4E,𘭎,,0,[],[],,Unicode Block,"[{'source_name': 'Unicode', 'url': 'Unicode Block U+18B00–U+18CFF', 'fetched_at': '2025-09-22T17:38:31.190781'}]"
U+18B4F,Khitan Large Script Character 18B4F,U+18B4F,𘭏,,0,[],[],,Unicode Block,"[{'source_name': 'Unicode', 'url': 'Unicode Block U+18B00–U+18CFF', 'fetched_at': '2025-09-22T17:38:31.190786'}]"
U+18B50,Khitan Large Script Character 18B50,U+18B50,𘭐,,0,[],[],,Unicode Block,"[{'source_name': 'Unicode', 'url': 'Unicode Block U+18B00–U+18CFF', 'fetched_at': '2025-09-22T17:38:31.190794'}]"
U+18B51,Khitan Large Script Character 18B51,U+18B51,𘭑,,0,[],[],,Unicode Block,"[{'source_name': 'Unicode', 'url': 'Unicode Block U+18B00–U+18CFF', 'fetched_at': '2025-09-22T17:38:31.190800'}]"
U+18B52,Khitan Large Script Character 18B52,U+18B52,𘭒,,0,[],[],,Unicode Block,"[{'source_name': 'Unicode', 'url': 'Unicode Block U+18B00–U+18CFF', 'fetched_at': '2025-09-22T17:38:31.190805'}]"
U+18B53,Khitan Large Script Character 18B53,U+18B53,𘭓,,0,[],[],,Unicode Block,"[{'source_name': 'Unicode', 'url': 'Unicode Block U+18B00–U+18CFF', 'fetched_at': '2025-09-22T17:38:31.190811'}]"
U+18B54,Khitan Large Script Character 18B54,U+18B54,𘭔,,0,[],[],,Unicode Block,"[{'source_name': 'Unicode', 'url': 'Unicode Block U+18B00–U+18CFF', 'fetched_at': '2025-09-22T17:38:31.190819'}]"
U+18B55,Khitan Large Script Character 18B55,U+18B55,𘭕,,0,[],[],,Unicode Block,"[{'source_name': 'Unicode', 'url': 'Unicode Block U+18B00–U+18CFF', 'fetched_at': '2025-09-22T17:38:31.190825'}]"
U+18B56,Khitan Large Script Character 18B56,U+18B56,𘭖,,0,[],[],,Unicode Block,"[{'source_name': 'Unicode', 'url': 'Unicode Block U+18B00–U+18CFF', 'fetched_at': '2025-09-22T17:38:31.190830'}]"
U+18B57,Khitan Large Script Character 18B57,U+18B57,𘭗,,0,[],[],,Unicode Block,"[{'source_name': 'Unicode', 'url': 'Unicode Block U+18B00–U+18CFF', 'fetched_at': '2025-09-22T17:38:31.190839'}]"
U+18B58,Khitan Large Script Character 18B58,U+18B58,𘭘,,0,[],[],,Unicode Block,"[{'source_name': 'Unicode', 'url': 'Unicode Block U+18B00–U+18CFF', 'fetched_at': '2025-09-22T17:38:31.190845'}]"
U+18B59,Khitan Large Script Character 18B59,U+18B59,𘭙,,0,[],[],,Unicode Block,"[{'source_name': 'Unicode', 'url': 'Unicode Block U+18B00–U+18CFF', 'fetched_at': '2025-09-22T17:38:31.190851'}]"
U+18B5A,Khitan Large Script Character 18B5A,U+18B5A,𘭚,,0,[],[],,Unicode Block,"[{'source_name': 'Unicode', 'url': 'Unicode Block U+18B00–U+18CFF', 'fetched_at': '2025-09-22T17:38:31.190856'}]"
U+18B5B,Khitan Large Script Character 18B5B,U+18B5B,𘭛,,0,[],[],,Unicode Block,"[{'source_name': 'Unicode', 'url': 'Unicode Block U+18B00–U+18CFF', 'fetched_at': '2025-09-22T17:38:31.190862'}]"
U+18B5C,Khitan Large Script Character 18B5C,U+18B5C,𘭜,,0,[],[],,Unicode Block,"[{'source_name': 'Unicode', 'url': 'Unicode Block U+18B00–U+18CFF', 'fetched_at': '2025-09-22T17:38:31.190868'}]"
U+18B5D,Khitan Large Script Character 18B5D,U+18B5D,𘭝,,0,[],[],,Unicode Block,"[{'source_name': 'Unicode', 'url': 'Unicode Block U+18B00–U+18CFF', 'fetched_at': '2025-09-22T17:38:31.190874'}]"
U+18B5E,Khitan Large Script Character 18B5E,U+18B5E,𘭞,,0,[],[],,Unicode Block,"[{'source_name': 'Unicode', 'url': 'Unicode Block U+18B00–U+18CFF', 'fetched_at': '2025-09-22T17:38:31.190881'}]"
U+18B5F,Khitan Large Script Character 18B5F,U+18B5F,𘭟,,0,[],[],,Unicode Block,"[{'source_name': 'Unicode', 'url': 'Unicode Block U+18B00–U+18CFF', 'fetched_at': '2025-09-22T17:38:31.190887'}]"
U+18B60,Khitan Large Script Character 18B60,U+18B60,𘭠,,0,[],[],,Unicode Block,"[{'source_name': 'Unicode', 'url': 'Unicode Block U+18B00–U+18CFF', 'fetched_at': '2025-09-22T17:38:31.190893'}]"
U+18B61,Khitan Large Script Character 18B61,U+18B61,𘭡,,0,[],[],,Unicode Block,"[{'source_name': 'Unicode', 'url': 'Unicode Block U+18B00–U+18CFF', 'fetched_at': '2025-09-22T17:38:31.190901'}]"
U+18B62,Khitan Large Script Character 18B62,U+18B62,𘭢,,0,[],[],,Unicode Block,"[{'source_name': 'Unicode', 'url': 'Unicode Block U+18B00–U+18CFF', 'fetched_at': '2025-09-22T17:38:31.190907'}]"
U+18B63,Khitan Large Script Character 18B63,U+18B63,𘭣,,0,[],[],,Unicode Block,"[{'source_name': 'Unicode', 'url': 'Unicode Block U+18B00–U+18CFF', 'fetched_at': '2025-09-22T17:38:31.190913'}]"
U+18B64,Khitan Large Script Character 18B64,U+18B64,𘭤,,0,[],[],,Unicode Block,"[{'source_name': 'Unicode', 'url': 'Unicode Block U+18B00–U+18CFF', 'fetched_at': '2025-09-22T17:38:31.190919'}]"
U+18B65,Khitan Large Script Character 18B65,U+18B65,𘭥,,0,[],[],,Unicode Block,"[{'source_name': 'Unicode', 'url': 'Unicode Block U+18B00–U+18CFF', 'fetched_at': '2025-09-22T17:38:31.190924'}]"
U+18B66,Khitan Large Script Character 18B66,U+18B66,𘭦,,0,[],[],,Unicode Block,"[{'source_name': 'Unicode', 'url': 'Unicode Block U+18B00–U+18CFF', 'fetched_at': '2025-09-22T17:38:31.190930'}]"
U+18B67,Khitan Large Script Character 18B67,U+18B67,𘭧,,0,[],[],,Unicode Block,"[{'source_name': 'Unicode', 'url': 'Unicode Block U+18B00–U+18CFF', 'fetched_at': '2025-09-22T17:38:31.190936'}]"
U+18B68,Khitan Large Script Character 18B68,U+18B68,𘭨,,0,[],[],,Unicode Block,"[{'source_name': 'Unicode', 'url': 'Unicode Block U+18B00–U+18CFF', 'fetched_at': '2025-09-22T17:38:31.190943'}]"
U+18B69,Khitan Large Script Character 18B69,U+18B69,𘭩,,0,[],[],,Unicode Block,"[{'source_name': 'Unicode', 'url': 'Unicode Block U+18B00–U+18CFF', 'fetched_at': '2025-09-22T17:38:31.190949'}]"
U+18B6A,Khitan Large Script Character 18B6A,U+18B6A,𘭪,,0,[],[],,Unicode Block,"[{'source_name': 'Unicode', 'url': 'Unicode Block U+18B00–U+18CFF', 'fetched_at': '2025-09-22T17:38:31.190955'}]"
U+18B6B,Khitan Large Script Character 18B6B,U+18B6B,𘭫,,0,[],[],,Unicode Block,"[{'source_name': 'Unicode', 'url': 'Unicode Block U+18B00–U+18CFF', 'fetched_at': '2025-09-22T17:38:31.190961'}]"
U+18B6C,Khitan Large Script Character 18B6C,U+18B6C,𘭬,,0,[],[],,Unicode Block,"[{'source_name': 'Unicode', 'url': 'Unicode Block U+18B00–U+18CFF', 'fetched_at': '2025-09-22T17:38:31.190968'}]"
U+18B6D,Khitan Large Script Character 18B6D,U+18B6D,𘭭,,0,[],[],,Unicode Block,"[{'source_name': 'Unicode', 'url': 'Unicode Block U+18B00–U+18CFF', 'fetched_at': '2025-09-22T17:38:31.190974'}]"
U+18B6E,Khitan Large Script Character 18B6E,U+18B6E,𘭮,,0,[],[],,Unicode Block,"[{'source_name': 'Unicode', 'url': 'Unicode Block U+18B00–U+18CFF', 'fetched_at': '2025-09-22T17:38:31.190980'}]"
U+18B6F,Khitan Large Script Character 18B6F,U+18B6F,𘭯,,0,[],[],,Unicode Block,"[{'source_name': 'Unicode', 'url': 'Unicode Block U+18B00–U+18CFF', 'fetched_at': '2025-09-22T17:38:31.190986'}]"
U+18B70,Khitan Large Script Character 18B70,U+18B70,𘭰,,0,[],[],,Unicode Block,"[{'source_name': 'Unicode', 'url': 'Unicode Block U+18B00–U+18CFF', 'fetched_at': '2025-09-22T17:38:31.190996'}]"
U+18B71,Khitan Large Script Character 18B71,U+18B71,𘭱,,0,[],[],,Unicode Block,"[{'source_name': 'Unicode', 'url': 'Unicode Block U+18B00–U+18CFF', 'fetched_at': '2025-09-22T17:38:31.191004'}]"
U+18B72,Khitan Large Script Character 18B72,U+18B72,𘭲,,0,[],[],,Unicode Block,"[{'source_name': 'Unicode', 'url': 'Unicode Block U+18B00–U+18CFF', 'fetched_at': '2025-09-22T17:38:31.191011'}]"
U+18B73,Khitan Large Script Character 18B73,U+18B73,𘭳,,0,[],[],,Unicode Block,"[{'source_name': 'Unicode', 'url': 'Unicode Block U+18B00–U+18CFF', 'fetched_at': '2025-09-22T17:38:31.191017'}]"
U+18B74,Khitan Large Script Character 18B74,U+18B74,𘭴,,0,[],[],,Unicode Block,"[{'source_name': 'Unicode', 'url': 'Unicode Block U+18B00–U+18CFF', 'fetched_at': '2025-09-22T17:38:31.191023'}]"
U+18B75,Khitan Large Script Character 18B75,U+18B75,𘭵,,0,[],[],,Unicode Block,"[{'source_name': 'Unicode', 'url': 'Unicode Block U+18B00–U+18CFF', 'fetched_at': '2025-09-22T17:38:31.191029'}]"
U+18B76,Khitan Large Script Character 18B76,U+18B76,𘭶,,0,[],[],,Unicode Block,"[{'source_name': 'Unicode', 'url': 'Unicode Block U+18B00–U+18CFF', 'fetched_at': '2025-09-22T17:38:31.191035'}]"
U+18B77,Khitan Large Script Character 18B77,U+18B77,𘭷,,0,[],[],,Unicode Block,"[{'source_name': 'Unicode', 'url': 'Unicode Block U+18B00–U+18CFF', 'fetched_at': '2025-09-22T17:38:31.191042'}]"
U+18B78,Khitan Large Script Character 18B78,U+18B78,𘭸,,0,[],[],,Unicode Block,"[{'source_name': 'Unicode', 'url': 'Unicode Block U+18B00–U+18CFF', 'fetched_at': '2025-09-22T17:38:31.191048'}]"
U+18B79,Khitan Large Script Character 18B79,U+18B79,𘭹,,0,[],[],,Unicode Block,"[{'source_name': 'Unicode', 'url': 'Unicode Block U+18B00–U+18CFF', 'fetched_at': '2025-09-22T17:38:31.191054'}]"
U+18B7A,Khitan Large Script Character 18B7A,U+18B7A,𘭺,,0,[],[],,Unicode Block,"[{'source_name': 'Unicode', 'url': 'Unicode Block U+18B00–U+18CFF', 'fetched_at': '2025-09-22T17:38:31.191059'}]"
U+18B7B,Khitan Large Script Character 18B7B,U+18B7B,𘭻,,0,[],[],,Unicode Block,"[{'source_name': 'Unicode', 'url': 'Unicode Block U+18B00–U+18CFF', 'fetched_at': '2025-09-22T17:38:31.191065'}]"
U+18B7C,Khitan Large Script Character 18B7C,U+18B7C,𘭼,,0,[],[],,Unicode Block,"[{'source_name': 'Unicode', 'url': 'Unicode Block U+18B00–U+18CFF', 'fetched_at': '2025-09-22T17:38:31.191073'}]"
U+18B7D,Khitan Large Script Character 18B7D,U+18B7D,𘭽,,0,[],[],,Unicode Block,"[{'source_name': 'Unicode', 'url': 'Unicode Block U+18B00–U+18CFF', 'fetched_at': '2025-09-22T17:38:31.191079'}]"
U+18B7E,Khitan Large Script Character 18B7E,U+18B7E,𘭾,,0,[],[],,Unicode Block,"[{'source_name': 'Unicode', 'url': 'Unicode Block U+18B00–U+18CFF', 'fetched_at': '2025-09-22T17:38:31.191084'}]"
U+18B7F,Khitan Large Script Character 18B7F,U+18B7F,𘭿,,0,[],[],,Unicode Block,"[{'source_name': 'Unicode', 'url': 'Unicode Block U+18B00–U+18CFF', 'fetched_at': '2025-09-22T17:38:31.191090'}]"
U+18B80,Khitan Large Script Character 18B80,U+18B80,𘮀,,0,[],[],,Unicode Block,"[{'source_name': 'Unicode', 'url': 'Unicode Block U+18B00–U+18CFF', 'fetched_at': '2025-09-22T17:38:31.191096'}]"
U+18B81,Khitan Large Script Character 18B81,U+18B81,𘮁,,0,[],[],,Unicode Block,"[{'source_name': 'Unicode', 'url': 'Unicode Block U+18B00–U+18CFF', 'fetched_at': '2025-09-22T17:38:31.191103'}]"
U+18B82,Khitan Large Script Character 18B82,U+18B82,𘮂,,0,[],[],,Unicode Block,"[{'source_name': 'Unicode', 'url': 'Unicode Block U+18B00–U+18CFF', 'fetched_at': '2025-09-22T17:38:31.191109'}]"
U+18B83,Khitan Large Script Character 18B83,U+18B83,𘮃,,0,[],[],,Unicode Block,"[{'source_name': 'Unicode', 'url': 'Unicode Block U+18B00–U+18CFF', 'fetched_at': '2025-09-22T17:38:31.191115'}]"
U+18B84,Khitan Large Script Character 18B84,U+18B84,𘮄,,0,[],[],,Unicode Block,"[{'source_name': 'Unicode', 'url': 'Unicode Block U+18B00–U+18CFF', 'fetched_at': '2025-09-22T17:38:31.191121'}]"
U+18B85,Khitan Large Script Character 18B85,U+18B85,𘮅,,0,[],[],,Unicode Block,"[{'source_name': 'Unicode', 'url': 'Unicode Block U+18B00–U+18CFF', 'fetched_at': '2025-09-22T17:38:31.191126'}]"
U+18B86,Khitan Large Script Character 18B86,U+18B86,𘮆,,0,[],[],,Unicode Block,"[{'source_name': 'Unicode', 'url': 'Unicode Block U+18B00–U+18CFF', 'fetched_at': '2025-09-22T17:38:31.191134'}]"
U+18B87,Khitan Large Script Character 18B87,U+18B87,𘮇,,0,[],[],,Unicode Block,"[{'source_name': 'Unicode', 'url': 'Unicode Block U+18B00–U+18CFF', 'fetched_at': '2025-09-22T17:38:31.191139'}]"
U+18B88,Khitan Large Script Character 18B88,U+18B88,𘮈,,0,[],[],,Unicode Block,"[{'source_name': 'Unicode', 'url': 'Unicode Block U+18B00–U+18CFF', 'fetched_at': '2025-09-22T17:38:31.191145'}]"
U+18B89,Khitan Large Script Character 18B89,U+18B89,𘮉,,0,[],[],,Unicode Block,"[{'source_name': 'Unicode', 'url': 'Unicode Block U+18B00–U+18CFF', 'fetched_at': '2025-09-22T17:38:31.191151'}]"
U+18B8A,Khitan Large Script Character 18B8A,U+18B8A,𘮊,,0,[],[],,Unicode Block,"[{'source_name': 'Unicode', 'url': 'Unicode Block U+18B00–U+18CFF', 'fetched_at': '2025-09-22T17:38:31.191158'}]"
U+18B8B,Khitan Large Script Character 18B8B,U+18B8B,𘮋,,0,[],[],,Unicode Block,"[{'source_name': 'Unicode', 'url': 'Unicode Block U+18B00–U+18CFF', 'fetched_at': '2025-09-22T17:38:31.191164'}]"
U+18B8C,Khitan Large Script Character 18B8C,U+18B8C,𘮌,,0,[],[],,Unicode Block,"[{'source_name': 'Unicode', 'url': 'Unicode Block U+18B00–U+18CFF', 'fetched_at': '2025-09-22T17:38:31.191172'}]"
U+18B8D,Khitan Large Script Character 18B8D,U+18B8D,𘮍,,0,[],[],,Unicode Block,"[{'source_name': 'Unicode', 'url': 'Unicode Block U+18B00–U+18CFF', 'fetched_at': '2025-09-22T17:38:31.191178'}]"
U+18B8E,Khitan Large Script Character 18B8E,U+18B8E,𘮎,,0,[],[],,Unicode Block,"[{'source_name': 'Unicode', 'url': 'Unicode Block U+18B00–U+18CFF', 'fetched_at': '2025-09-22T17:38:31.191183'}]"
U+18B8F,Khitan Large Script Character 18B8F,U+18B8F,𘮏,,0,[],[],,Unicode Block,"[{'source_name': 'Unicode', 'url': 'Unicode Block U+18B00–U+18CFF', 'fetched_at': '2025-09-22T17:38:31.191189'}]"
U+18B90,Khitan Large Script Character 18B90,U+18B90,𘮐,,0,[],[],,Unicode Block,"[{'source_name': 'Unicode', 'url': 'Unicode Block U+18B00–U+18CFF', 'fetched_at': '2025-09-22T17:38:31.191198'}]"
U+18B91,Khitan Large Script Character 18B91,U+18B91,𘮑,,0,[],[],,Unicode Block,"[{'source_name': 'Unicode', 'url': 'Unicode Block U+18B00–U+18CFF', 'fetched_at': '2025-09-22T17:38:31.191204'}]"
U+18B92,Khitan Large Script Character 18B92,U+18B92,𘮒,,0,[],[],,Unicode Block,"[{'source_name': 'Unicode', 'url': 'Unicode Block U+18B00–U+18CFF', 'fetched_at': '2025-09-22T17:38:31.191209'}]"
U+18B93,Khitan Large Script Character 18B93,U+18B93,𘮓,,0,[],[],,Unicode Block,"[{'source_name': 'Unicode', 'url': 'Unicode Block U+18B00–U+18CFF', 'fetched_at': '2025-09-22T17:38:31.191215'}]"
U+18B94,Khitan Large Script Character 18B94,U+18B94,𘮔,,0,[],[],,Unicode Block,"[{'source_name': 'Unicode', 'url': 'Unicode Block U+18B00–U+18CFF', 'fetched_at': '2025-09-22T17:38:31.191221'}]"
U+18B95,Khitan Large Script Character 18B95,U+18B95,𘮕,,0,[],[],,Unicode Block,"[{'source_name': 'Unicode', 'url': 'Unicode Block U+18B00–U+18CFF', 'fetched_at': '2025-09-22T17:38:31.191227'}]"
U+18B96,Khitan Large Script Character 18B96,U+18B96,𘮖,,0,[],[],,Unicode Block,"[{'source_name': 'Unicode', 'url': 'Unicode Block U+18B00–U+18CFF', 'fetched_at': '2025-09-22T17:38:31.191234'}]"
U+18B97,Khitan Large Script Character 18B97,U+18B97,𘮗,,0,[],[],,Unicode Block,"[{'source_name': 'Unicode', 'url': 'Unicode Block U+18B00–U+18CFF', 'fetched_at': '2025-09-22T17:38:31.191240'}]"
U+18B98,Khitan Large Script Character 18B98,U+18B98,𘮘,,0,[],[],,Unicode Block,"[{'source_name': 'Unicode', 'url': 'Unicode Block U+18B00–U+18CFF', 'fetched_at': '2025-09-22T17:38:31.191246'}]"
U+18B99,Khitan Large Script Character 18B99,U+18B99,𘮙,,0,[],[],,Unicode Block,"[{'source_name': 'Unicode', 'url': 'Unicode Block U+18B00–U+18CFF', 'fetched_at': '2025-09-22T17:38:31.191251'}]"
U+18B9A,Khitan Large Script Character 18B9A,U+18B9A,𘮚,,0,[],[],,Unicode Block,"[{'source_name': 'Unicode', 'url': 'Unicode Block U+18B00–U+18CFF', 'fetched_at': '2025-09-22T17:38:31.191293'}]"
U+18B9B,Khitan Large Script Character 18B9B,U+18B9B,𘮛,,0,[],[],,Unicode Block,"[{'source_name': 'Unicode', 'url': 'Unicode Block U+18B00–U+18CFF', 'fetched_at': '2025-09-22T17:38:31.191300'}]"
U+18B9C,Khitan Large Script Character 18B9C,U+18B9C,𘮜,,0,[],[],,Unicode Block,"[{'source_name': 'Unicode', 'url': 'Unicode Block U+18B00–U+18CFF', 'fetched_at': '2025-09-22T17:38:31.191306'}]"
U+18B9D,Khitan Large Script Character 18B9D,U+18B9D,𘮝,,0,[],[],,Unicode Block,"[{'source_name': 'Unicode', 'url': 'Unicode Block U+18B00–U+18CFF', 'fetched_at': '2025-09-22T17:38:31.191312'}]"
U+18B9E,Khitan Large Script Character 18B9E,U+18B9E,𘮞,,0,[],[],,Unicode Block,"[{'source_name': 'Unicode', 'url': 'Unicode Block U+18B00–U+18CFF', 'fetched_at': '2025-09-22T17:38:31.191318'}]"
U+18B9F,Khitan Large Script Character 18B9F,U+18B9F,𘮟,,0,[],[],,Unicode Block,"[{'source_name': 'Unicode', 'url': 'Unicode Block U+18B00–U+18CFF', 'fetched_at': '2025-09-22T17:38:31.191324'}]"
U+18BA0,Khitan Large Script Character 18BA0,U+18BA0,𘮠,,0,[],[],,Unicode Block,"[{'source_name': 'Unicode', 'url': 'Unicode Block U+18B00–U+18CFF', 'fetched_at': '2025-09-22T17:38:31.191330'}]"
U+18BA1,Khitan Large Script Character 18BA1,U+18BA1,𘮡,,0,[],[],,Unicode Block,"[{'source_name': 'Unicode', 'url': 'Unicode Block U+18B00–U+18CFF', 'fetched_at': '2025-09-22T17:38:31.191336'}]"
U+18BA2,Khitan Large Script Character 18BA2,U+18BA2,𘮢,,0,[],[],,Unicode Block,"[{'source_name': 'Unicode', 'url': 'Unicode Block U+18B00–U+18CFF', 'fetched_at': '2025-09-22T17:38:31.191344'}]"
U+18BA3,Khitan Large Script Character 18BA3,U+18BA3,𘮣,,0,[],[],,Unicode Block,"[{'source_name': 'Unicode', 'url': 'Unicode Block U+18B00–U+18CFF', 'fetched_at': '2025-09-22T17:38:31.191350'}]"
U+18BA4,Khitan Large Script Character 18BA4,U+18BA4,𘮤,,0,[],[],,Unicode Block,"[{'source_name': 'Unicode', 'url': 'Unicode Block U+18B00–U+18CFF', 'fetched_at': '2025-09-22T17:38:31.191362'}]"
U+18BA5,Khitan Large Script Character 18BA5,U+18BA5,𘮥,,0,[],[],,Unicode Block,"[{'source_name': 'Unicode', 'url': 'Unicode Block U+18B00–U+18CFF', 'fetched_at': '2025-09-22T17:38:31.191368'}]"
U+18BA6,Khitan Large Script Character 18BA6,U+18BA6,𘮦,,0,[],[],,Unicode Block,"[{'source_name': 'Unicode', 'url': 'Unicode Block U+18B00–U+18CFF', 'fetched_at': '2025-09-22T17:38:31.191374'}]"
U+18BA7,Khitan Large Script Character 18BA7,U+18BA7,𘮧,,0,[],[],,Unicode Block,"[{'source_name': 'Unicode', 'url': 'Unicode Block U+18B00–U+18CFF', 'fetched_at': '2025-09-22T17:38:31.191379'}]"
U+18BA8,Khitan Large Script Character 18BA8,U+18BA8,𘮨,,0,[],[],,Unicode Block,"[{'source_name': 'Unicode', 'url': 'Unicode Block U+18B00–U+18CFF', 'fetched_at': '2025-09-22T17:38:31.191385'}]"
U+18BA9,Khitan Large Script Character 18BA9,U+18BA9,𘮩,,0,[],[],,Unicode Block,"[{'source_name': 'Unicode', 'url': 'Unicode Block U+18B00–U+18CFF', 'fetched_at': '2025-09-22T17:38:31.191391'}]"
U+18BAA,Khitan Large Script Character 18BAA,U+18BAA,𘮪,,0,[],[],,Unicode Block,"[{'source_name': 'Unicode', 'url': 'Unicode Block U+18B00–U+18CFF', 'fetched_at': '2025-09-22T17:38:31.191397'}]"
U+18BAB,Khitan Large Script Character 18BAB,U+18BAB,𘮫,,0,[],[],,Unicode Block,"[{'source_name': 'Unicode', 'url': 'Unicode Block U+18B00–U+18CFF', 'fetched_at': '2025-09-22T17:38:31.191403'}]"
U+18BAC,Khitan Large Script Character 18BAC,U+18BAC,𘮬,,0,[],[],,Unicode Block,"[{'source_name': 'Unicode', 'url': 'Unicode Block U+18B00–U+18CFF', 'fetched_at': '2025-09-22T17:38:31.191410'}]"
U+18BAD,Khitan Large Script Character 18BAD,U+18BAD,𘮭,,0,[],[],,Unicode Block,"[{'source_name': 'Unicode', 'url': 'Unicode Block U+18B00–U+18CFF', 'fetched_at': '2025-09-22T17:38:31.191417'}]"
U+18BAE,Khitan Large Script Character 18BAE,U+18BAE,𘮮,,0,[],[],,Unicode Block,"[{'source_name': 'Unicode', 'url': 'Unicode Block U+18B00–U+18CFF', 'fetched_at': '2025-09-22T17:38:31.191424'}]"
U+18BAF,Khitan Large Script Character 18BAF,U+18BAF,𘮯,,0,[],[],,Unicode Block,"[{'source_name': 'Unicode', 'url': 'Unicode Block U+18B00–U+18CFF', 'fetched_at': '2025-09-22T17:38:31.191430'}]"
U+18BB0,Khitan Large Script Character 18BB0,U+18BB0,𘮰,,0,[],[],,Unicode Block,"[{'source_name': 'Unicode', 'url': 'Unicode Block U+18B00–U+18CFF', 'fetched_at': '2025-09-22T17:38:31.191438'}]"
U+18BB1,Khitan Large Script Character 18BB1,U+18BB1,𘮱,,0,[],[],,Unicode Block,"[{'source_name': 'Unicode', 'url': 'Unicode Block U+18B00–U+18CFF', 'fetched_at': '2025-09-22T17:38:31.191444'}]"
U+18BB2,Khitan Large Script Character 18BB2,U+18BB2,𘮲,,0,[],[],,Unicode Block,"[{'source_name': 'Unicode', 'url': 'Unicode Block U+18B00–U+18CFF', 'fetched_at': '2025-09-22T17:38:31.191450'}]"
U+18BB3,Khitan Large Script Character 18BB3,U+18BB3,𘮳,,0,[],[],,Unicode Block,"[{'source_name': 'Unicode', 'url': 'Unicode Block U+18B00–U+18CFF', 'fetched_at': '2025-09-22T17:38:31.191457'}]"
U+18BB4,Khitan Large Script Character 18BB4,U+18BB4,𘮴,,0,[],[],,Unicode Block,"[{'source_name': 'Unicode', 'url': 'Unicode Block U+18B00–U+18CFF', 'fetched_at': '2025-09-22T17:38:31.191463'}]"
U+18BB5,Khitan Large Script Character 18BB5,U+18BB5,𘮵,,0,[],[],,Unicode Block,"[{'source_name': 'Unicode', 'url': 'Unicode Block U+18B00–U+18CFF', 'fetched_at': '2025-09-22T17:38:31.191469'}]"
U+18BB6,Khitan Large Script Character 18BB6,U+18BB6,𘮶,,0,[],[],,Unicode Block,"[{'source_name': 'Unicode', 'url': 'Unicode Block U+18B00–U+18CFF', 'fetched_at': '2025-09-22T17:38:31.191475'}]"
U+18BB7,Khitan Large Script Character 18BB7,U+18BB7,𘮷,,0,[],[],,Unicode Block,"[{'source_name': 'Unicode', 'url': 'Unicode Block U+18B00–U+18CFF', 'fetched_at': '2025-09-22T17:38:31.191482'}]"
U+18BB8,Khitan Large Script Character 18BB8,U+18BB8,𘮸,,0,[],[],,Unicode Block,"[{'source_name': 'Unicode', 'url': 'Unicode Block U+18B00–U+18CFF', 'fetched_at': '2025-09-22T17:38:31.191490'}]"
U+18BB9,Khitan Large Script Character 18BB9,U+18BB9,𘮹,,0,[],[],,Unicode Block,"[{'source_name': 'Unicode', 'url': 'Unicode Block U+18B00–U+18CFF', 'fetched_at': '2025-09-22T17:38:31.191495'}]"
U+18BBA,Khitan Large Script Character 18BBA,U+18BBA,𘮺,,0,[],[],,Unicode Block,"[{'source_name': 'Unicode', 'url': 'Unicode Block U+18B00–U+18CFF', 'fetched_at': '2025-09-22T17:38:31.191501'}]"
U+18BBB,Khitan Large Script Character 18BBB,U+18BBB,𘮻,,0,[],[],,Unicode Block,"[{'source_name': 'Unicode', 'url': 'Unicode Block U+18B00–U+18CFF', 'fetched_at': '2025-09-22T17:38:31.191507'}]"
U+18BBC,Khitan Large Script Character 18BBC,U+18BBC,𘮼,,0,[],[],,Unicode Block,"[{'source_name': 'Unicode', 'url': 'Unicode Block U+18B00–U+18CFF', 'fetched_at': '2025-09-22T17:38:31.191513'}]"
U+18BBD,Khitan Large Script Character 18BBD,U+18BBD,𘮽,,0,[],[],,Unicode Block,"[{'source_name': 'Unicode', 'url': 'Unicode Block U+18B00–U+18CFF', 'fetched_at': '2025-09-22T17:38:31.191520'}]"
U+18BBE,Khitan Large Script Character 18BBE,U+18BBE,𘮾,,0,[],[],,Unicode Block,"[{'source_name': 'Unicode', 'url': 'Unicode Block U+18B00–U+18CFF', 'fetched_at': '2025-09-22T17:38:31.191526'}]"
U+18BBF,Khitan Large Script Character 18BBF,U+18BBF,𘮿,,0,[],[],,Unicode Block,"[{'source_name': 'Unicode', 'url': 'Unicode Block U+18B00–U+18CFF', 'fetched_at': '2025-09-22T17:38:31.191532'}]"
U+18BC0,Khitan Large Script Character 18BC0,U+18BC0,𘯀,,0,[],[],,Unicode Block,"[{'source_name': 'Unicode', 'url': 'Unicode Block U+18B00–U+18CFF', 'fetched_at': '2025-09-22T17:38:31.191538'}]"
U+18BC1,Khitan Large Script Character 18BC1,U+18BC1,𘯁,,0,[],[],,Unicode Block,"[{'source_name': 'Unicode', 'url': 'Unicode Block U+18B00–U+18CFF', 'fetched_at': '2025-09-22T17:38:31.191543'}]"
U+18BC2,Khitan Large Script Character 18BC2,U+18BC2,𘯂,,0,[],[],,Unicode Block,"[{'source_name': 'Unicode', 'url': 'Unicode Block U+18B00–U+18CFF', 'fetched_at': '2025-09-22T17:38:31.191552'}]"
U+18BC3,Khitan Large Script Character 18BC3,U+18BC3,𘯃,,0,[],[],,Unicode Block,"[{'source_name': 'Unicode', 'url': 'Unicode Block U+18B00–U+18CFF', 'fetched_at': '2025-09-22T17:38:31.191558'}]"
U+18BC4,Khitan Large Script Character 18BC4,U+18BC4,𘯄,,0,[],[],,Unicode Block,"[{'source_name': 'Unicode', 'url': 'Unicode Block U+18B00–U+18CFF', 'fetched_at': '2025-09-22T17:38:31.191564'}]"
U+18BC5,Khitan Large Script Character 18BC5,U+18BC5,𘯅,,0,[],[],,Unicode Block,"[{'source_name': 'Unicode', 'url': 'Unicode Block U+18B00–U+18CFF', 'fetched_at': '2025-09-22T17:38:31.191570'}]"
U+18BC6,Khitan Large Script Character 18BC6,U+18BC6,𘯆,,0,[],[],,Unicode Block,"[{'source_name': 'Unicode', 'url': 'Unicode Block U+18B00–U+18CFF', 'fetched_at': '2025-09-22T17:38:31.191575'}]"
U+18BC7,Khitan Large Script Character 18BC7,U+18BC7,𘯇,,0,[],[],,Unicode Block,"[{'source_name': 'Unicode', 'url': 'Unicode Block U+18B00–U+18CFF', 'fetched_at': '2025-09-22T17:38:31.191581'}]"
U+18BC8,Khitan Large Script Character 18BC8,U+18BC8,𘯈,,0,[],[],,Unicode Block,"[{'source_name': 'Unicode', 'url': 'Unicode Block U+18B00–U+18CFF', 'fetched_at': '2025-09-22T17:38:31.191587'}]"
U+18BC9,Khitan Large Script Character 18BC9,U+18BC9,𘯉,,0,[],[],,Unicode Block,"[{'source_name': 'Unicode', 'url': 'Unicode Block U+18B00–U+18CFF', 'fetched_at': '2025-09-22T17:38:31.191593'}]"
U+18BCA,Khitan Large Script Character 18BCA,U+18BCA,𘯊,,0,[],[],,Unicode Block,"[{'source_name': 'Unicode', 'url': 'Unicode Block U+18B00–U+18CFF', 'fetched_at': '2025-09-22T17:38:31.191599'}]"
U+18BCB,Khitan Large Script Character 18BCB,U+18BCB,𘯋,,0,[],[],,Unicode Block,"[{'source_name': 'Unicode', 'url': 'Unicode Block U+18B00–U+18CFF', 'fetched_at': '2025-09-22T17:38:31.191605'}]"
U+18BCC,Khitan Large Script Character 18BCC,U+18BCC,𘯌,,0,[],[],,Unicode Block,"[{'source_name': 'Unicode', 'url': 'Unicode Block U+18B00–U+18CFF', 'fetched_at': '2025-09-22T17:38:31.191613'}]"
U+18BCD,Khitan Large Script Character 18BCD,U+18BCD,𘯍,,0,[],[],,Unicode Block,"[{'source_name': 'Unicode', 'url': 'Unicode Block U+18B00–U+18CFF', 'fetched_at': '2025-09-22T17:38:31.191619'}]"
U+18BCE,Khitan Large Script Character 18BCE,U+18BCE,𘯎,,0,[],[],,Unicode Block,"[{'source_name': 'Unicode', 'url': 'Unicode Block U+18B00–U+18CFF', 'fetched_at': '2025-09-22T17:38:31.191625'}]"
U+18BCF,Khitan Large Script Character 18BCF,U+18BCF,𘯏,,0,[],[],,Unicode Block,"[{'source_name': 'Unicode', 'url': 'Unicode Block U+18B00–U+18CFF', 'fetched_at': '2025-09-22T17:38:31.191632'}]"
U+18BD0,Khitan Large Script Character 18BD0,U+18BD0,𘯐,,0,[],[],,Unicode Block,"[{'source_name': 'Unicode', 'url': 'Unicode Block U+18B00–U+18CFF', 'fetched_at': '2025-09-22T17:38:31.191638'}]"
U+18BD1,Khitan Large Script Character 18BD1,U+18BD1,𘯑,,0,[],[],,Unicode Block,"[{'source_name': 'Unicode', 'url': 'Unicode Block U+18B00–U+18CFF', 'fetched_at': '2025-09-22T17:38:31.191644'}]"
U+18BD2,Khitan Large Script Character 18BD2,U+18BD2,𘯒,,0,[],[],,Unicode Block,"[{'source_name': 'Unicode', 'url': 'Unicode Block U+18B00–U+18CFF', 'fetched_at': '2025-09-22T17:38:31.191650'}]"
U+18BD3,Khitan Large Script Character 18BD3,U+18BD3,𘯓,,0,[],[],,Unicode Block,"[{'source_name': 'Unicode', 'url': 'Unicode Block U+18B00–U+18CFF', 'fetched_at': '2025-09-22T17:38:31.191656'}]"
U+18BD4,Khitan Large Script Character 18BD4,U+18BD4,𘯔,,0,[],[],,Unicode Block,"[{'source_name': 'Unicode', 'url': 'Unicode Block U+18B00–U+18CFF', 'fetched_at': '2025-09-22T17:38:31.191661'}]"
U+18BD5,Khitan Large Script Character 18BD5,U+18BD5,𘯕,,0,[],[],,Unicode Block,"[{'source_name': 'Unicode', 'url': 'Unicode Block U+18B00–U+18CFF', 'fetched_at': '2025-09-22T17:38:31.191667'}]"
U+18BD6,Khitan Large Script Character 18BD6,U+18BD6,𘯖,,0,[],[],,Unicode Block,"[{'source_name': 'Unicode', 'url': 'Unicode Block U+18B00–U+18CFF', 'fetched_at': '2025-09-22T17:38:31.191679'}]"
U+18BD7,Khitan Large Script Character 18BD7,U+18BD7,𘯗,,0,[],[],,Unicode Block,"[{'source_name': 'Unicode', 'url': 'Unicode Block U+18B00–U+18CFF', 'fetched_at': '2025-09-22T17:38:31.191690'}]"
U+18BD8,Khitan Large Script Character 18BD8,U+18BD8,𘯘,,0,[],[],,Unicode Block,"[{'source_name': 'Unicode', 'url': 'Unicode Block U+18B00–U+18CFF', 'fetched_at': '2025-09-22T17:38:31.191695'}]"
U+18BD9,Khitan Large Script Character 18BD9,U+18BD9,𘯙,,0,[],[],,Unicode Block,"[{'source_name': 'Unicode', 'url': 'Unicode Block U+18B00–U+18CFF', 'fetched_at': '2025-09-22T17:38:31.191701'}]"
U+18BDA,Khitan Large Script Character 18BDA,U+18BDA,𘯚,,0,[],[],,Unicode Block,"[{'source_name': 'Unicode', 'url': 'Unicode Block U+18B00–U+18CFF', 'fetched_at': '2025-09-22T17:38:31.191707'}]"
U+18BDB,Khitan Large Script Character 18BDB,U+18BDB,𘯛,,0,[],[],,Unicode Block,"[{'source_name': 'Unicode', 'url': 'Unicode Block U+18B00–U+18CFF', 'fetched_at': '2025-09-22T17:38:31.191713'}]"
U+18BDC,Khitan Large Script Character 18BDC,U+18BDC,𘯜,,0,[],[],,Unicode Block,"[{'source_name': 'Unicode', 'url': 'Unicode Block U+18B00–U+18CFF', 'fetched_at': '2025-09-22T17:38:31.191719'}]"
U+18BDD,Khitan Large Script Character 18BDD,U+18BDD,𘯝,,0,[],[],,Unicode Block,"[{'source_name': 'Unicode', 'url': 'Unicode Block U+18B00–U+18CFF', 'fetched_at': '2025-09-22T17:38:31.191724'}]"
U+18BDE,Khitan Large Script Character 18BDE,U+18BDE,𘯞,,0,[],[],,Unicode Block,"[{'source_name': 'Unicode', 'url': 'Unicode Block U+18B00–U+18CFF', 'fetched_at': '2025-09-22T17:38:31.191756'}]"
U+18BDF,Khitan Large Script Character 18BDF,U+18BDF,𘯟,,0,[],[],,Unicode Block,"[{'source_name': 'Unicode', 'url': 'Unicode Block U+18B00–U+18CFF', 'fetched_at': '2025-09-22T17:38:31.191762'}]"
U+18BE0,Khitan Large Script Character 18BE0,U+18BE0,𘯠,,0,[],[],,Unicode Block,"[{'source_name': 'Unicode', 'url': 'Unicode Block U+18B00–U+18CFF', 'fetched_at': '2025-09-22T17:38:31.191770'}]"
U+18BE1,Khitan Large Script Character 18BE1,U+18BE1,𘯡,,0,[],[],,Unicode Block,"[{'source_name': 'Unicode', 'url': 'Unicode Block U+18B00–U+18CFF', 'fetched_at': '2025-09-22T17:38:31.191776'}]"
U+18BE2,Khitan Large Script Character 18BE2,U+18BE2,𘯢,,0,[],[],,Unicode Block,"[{'source_name': 'Unicode', 'url': 'Unicode Block U+18B00–U+18CFF', 'fetched_at': '2025-09-22T17:38:31.191783'}]"
U+18BE3,Khitan Large Script Character 18BE3,U+18BE3,𘯣,,0,[],[],,Unicode Block,"[{'source_name': 'Unicode', 'url': 'Unicode Block U+18B00–U+18CFF', 'fetched_at': '2025-09-22T17:38:31.191789'}]"
U+18BE4,Khitan Large Script Character 18BE4,U+18BE4,𘯤,,0,[],[],,Unicode Block,"[{'source_name': 'Unicode', 'url': 'Unicode Block U+18B00–U+18CFF', 'fetched_at': '2025-09-22T17:38:31.191795'}]"
U+18BE5,Khitan Large Script Character 18BE5,U+18BE5,𘯥,,0,[],[],,Unicode Block,"[{'source_name': 'Unicode', 'url': 'Unicode Block U+18B00–U+18CFF', 'fetched_at': '2025-09-22T17:38:31.191800'}]"
U+18BE6,Khitan Large Script Character 18BE6,U+18BE6,𘯦,,0,[],[],,Unicode Block,"[{'source_name': 'Unicode', 'url': 'Unicode Block U+18B00–U+18CFF', 'fetched_at': '2025-09-22T17:38:31.191806'}]"
U+18BE7,Khitan Large Script Character 18BE7,U+18BE7,𘯧,,0,[],[],,Unicode Block,"[{'source_name': 'Unicode', 'url': 'Unicode Block U+18B00–U+18CFF', 'fetched_at': '2025-09-22T17:38:31.191812'}]"
U+18BE8,Khitan Large Script Character 18BE8,U+18BE8,𘯨,,0,[],[],,Unicode Block,"[{'source_name': 'Unicode', 'url': 'Unicode Block U+18B00–U+18CFF', 'fetched_at': '2025-09-22T17:38:31.191818'}]"
U+18BE9,Khitan Large Script Character 18BE9,U+18BE9,𘯩,,0,[],[],,Unicode Block,"[{'source_name': 'Unicode', 'url': 'Unicode Block U+18B00–U+18CFF', 'fetched_at': '2025-09-22T17:38:31.191824'}]"
U+18BEA,Khitan Large Script Character 18BEA,U+18BEA,𘯪,,0,[],[],,Unicode Block,"[{'source_name': 'Unicode', 'url': 'Unicode Block U+18B00–U+18CFF', 'fetched_at': '2025-09-22T17:38:31.191831'}]"
U+18BEB,Khitan Large Script Character 18BEB,U+18BEB,𘯫,,0,[],[],,Unicode Block,"[{'source_name': 'Unicode', 'url': 'Unicode Block U+18B00–U+18CFF', 'fetched_at': '2025-09-22T17:38:31.191837'}]"
U+18BEC,Khitan Large Script Character 18BEC,U+18BEC,𘯬,,0,[],[],,Unicode Block,"[{'source_name': 'Unicode', 'url': 'Unicode Block U+18B00–U+18CFF', 'fetched_at': '2025-09-22T17:38:31.191845'}]"
U+18BED,Khitan Large Script Character 18BED,U+18BED,𘯭,,0,[],[],,Unicode Block,"[{'source_name': 'Unicode', 'url': 'Unicode Block U+18B00–U+18CFF', 'fetched_at': '2025-09-22T17:38:31.191850'}]"
U+18BEE,Khitan Large Script Character 18BEE,U+18BEE,𘯮,,0,[],[],,Unicode Block,"[{'source_name': 'Unicode', 'url': 'Unicode Block U+18B00–U+18CFF', 'fetched_at': '2025-09-22T17:38:31.191856'}]"
U+18BEF,Khitan Large Script Character 18BEF,U+18BEF,𘯯,,0,[],[],,Unicode Block,"[{'source_name': 'Unicode', 'url': 'Unicode Block U+18B00–U+18CFF', 'fetched_at': '2025-09-22T17:38:31.191863'}]"
U+18BF0,Khitan Large Script Character 18BF0,U+18BF0,𘯰,,0,[],[],,Unicode Block,"[{'source_name': 'Unicode', 'url': 'Unicode Block U+18B00–U+18CFF', 'fetched_at': '2025-09-22T17:38:31.191871'}]"
U+18BF1,Khitan Large Script Character 18BF1,U+18BF1,𘯱,,0,[],[],,Unicode Block,"[{'source_name': 'Unicode', 'url': 'Unicode Block U+18B00–U+18CFF', 'fetched_at': '2025-09-22T17:38:31.191877'}]"
U+18BF2,Khitan Large Script Character 18BF2,U+18BF2,𘯲,,0,[],[],,Unicode Block,"[{'source_name': 'Unicode', 'url': 'Unicode Block U+18B00–U+18CFF', 'fetched_at': '2025-09-22T17:38:31.191882'}]"
U+18BF3,Khitan Large Script Character 18BF3,U+18BF3,𘯳,,0,[],[],,Unicode Block,"[{'source_name': 'Unicode', 'url': 'Unicode Block U+18B00–U+18CFF', 'fetched_at': '2025-09-22T17:38:31.191888'}]"
U+18BF4,Khitan Large Script Character 18BF4,U+18BF4,𘯴,,0,[],[],,Unicode Block,"[{'source_name': 'Unicode', 'url': 'Unicode Block U+18B00–U+18CFF', 'fetched_at': '2025-09-22T17:38:31.191896'}]"
U+18BF5,Khitan Large Script Character 18BF5,U+18BF5,𘯵,,0,[],[],,Unicode Block,"[{'source_name': 'Unicode', 'url': 'Unicode Block U+18B00–U+18CFF', 'fetched_at': '2025-09-22T17:38:31.191902'}]"
U+18BF6,Khitan Large Script Character 18BF6,U+18BF6,𘯶,,0,[],[],,Unicode Block,"[{'source_name': 'Unicode', 'url': 'Unicode Block U+18B00–U+18CFF', 'fetched_at': '2025-09-22T17:38:31.191907'}]"
U+18BF7,Khitan Large Script Character 18BF7,U+18BF7,𘯷,,0,[],[],,Unicode Block,"[{'source_name': 'Unicode', 'url': 'Unicode Block U+18B00–U+18CFF', 'fetched_at': '2025-09-22T17:38:31.191915'}]"
U+18BF8,Khitan Large Script Character 18BF8,U+18BF8,𘯸,,0,[],[],,Unicode Block,"[{'source_name': 'Unicode', 'url': 'Unicode Block U+18B00–U+18CFF', 'fetched_at': '2025-09-22T17:38:31.191921'}]"
U+18BF9,Khitan Large Script Character 18BF9,U+18BF9,𘯹,,0,[],[],,Unicode Block,"[{'source_name': 'Unicode', 'url': 'Unicode Block U+18B00–U+18CFF', 'fetched_at': '2025-09-22T17:38:31.191927'}]"
U+18BFA,Khitan Large Script Character 18BFA,U+18BFA,𘯺,,0,[],[],,Unicode Block,"[{'source_name': 'Unicode', 'url': 'Unicode Block U+18B00–U+18CFF', 'fetched_at': '2025-09-22T17:38:31.191932'}]"
U+18BFB,Khitan Large Script Character 18BFB,U+18BFB,𘯻,,0,[],[],,Unicode Block,"[{'source_name': 'Unicode', 'url': 'Unicode Block U+18B00–U+18CFF', 'fetched_at': '2025-09-22T17:38:31.191938'}]"
U+18BFC,Khitan Large Script Character 18BFC,U+18BFC,𘯼,,0,[],[],,Unicode Block,"[{'source_name': 'Unicode', 'url': 'Unicode Block U+18B00–U+18CFF', 'fetched_at': '2025-09-22T17:38:31.191944'}]"
U+18BFD,Khitan Large Script Character 18BFD,U+18BFD,𘯽,,0,[],[],,Unicode Block,"[{'source_name': 'Unicode', 'url': 'Unicode Block U+18B00–U+18CFF', 'fetched_at': '2025-09-22T17:38:31.191950'}]"
U+18BFE,Khitan Large Script Character 18BFE,U+18BFE,𘯾,,0,[],[],,Unicode Block,"[{'source_name': 'Unicode', 'url': 'Unicode Block U+18B00–U+18CFF', 'fetched_at': '2025-09-22T17:38:31.191957'}]"
U+18BFF,Khitan Large Script Character 18BFF,U+18BFF,𘯿,,0,[],[],,Unicode Block,"[{'source_name': 'Unicode', 'url': 'Unicode Block U+18B00–U+18CFF', 'fetched_at': '2025-09-22T17:38:31.191963'}]"
U+18C00,Khitan Large Script Character 18C00,U+18C00,𘰀,,0,[],[],,Unicode Block,"[{'source_name': 'Unicode', 'url': 'Unicode Block U+18B00–U+18CFF', 'fetched_at': '2025-09-22T17:38:31.191969'}]"
U+18C01,Khitan Large Script Character 18C01,U+18C01,𘰁,,0,[],[],,Unicode Block,"[{'source_name': 'Unicode', 'url': 'Unicode Block U+18B00–U+18CFF', 'fetched_at': '2025-09-22T17:38:31.191976'}]"
U+18C02,Khitan Large Script Character 18C02,U+18C02,𘰂,,0,[],[],,Unicode Block,"[{'source_name': 'Unicode', 'url': 'Unicode Block U+18B00–U+18CFF', 'fetched_at': '2025-09-22T17:38:31.191982'}]"
U+18C03,Khitan Large Script Character 18C03,U+18C03,𘰃,,0,[],[],,Unicode Block,"[{'source_name': 'Unicode', 'url': 'Unicode Block U+18B00–U+18CFF', 'fetched_at': '2025-09-22T17:38:31.191988'}]"
U+18C04,Khitan Large Script Character 18C04,U+18C04,𘰄,,0,[],[],,Unicode Block,"[{'source_name': 'Unicode', 'url': 'Unicode Block U+18B00–U+18CFF', 'fetched_at': '2025-09-22T17:38:31.191993'}]"
U+18C05,Khitan Large Script Character 18C05,U+18C05,𘰅,,0,[],[],,Unicode Block,"[{'source_name': 'Unicode', 'url': 'Unicode Block U+18B00–U+18CFF', 'fetched_at': '2025-09-22T17:38:31.191999'}]"
U+18C06,Khitan Large Script Character 18C06,U+18C06,𘰆,,0,[],[],,Unicode Block,"[{'source_name': 'Unicode', 'url': 'Unicode Block U+18B00–U+18CFF', 'fetched_at': '2025-09-22T17:38:31.192005'}]"
U+18C07,Khitan Large Script Character 18C07,U+18C07,𘰇,,0,[],[],,Unicode Block,"[{'source_name': 'Unicode', 'url': 'Unicode Block U+18B00–U+18CFF', 'fetched_at': '2025-09-22T17:38:31.192011'}]"
U+18C08,Khitan Large Script Character 18C08,U+18C08,𘰈,,0,[],[],,Unicode Block,"[{'source_name': 'Unicode', 'url': 'Unicode Block U+18B00–U+18CFF', 'fetched_at': '2025-09-22T17:38:31.192019'}]"
U+18C09,Khitan Large Script Character 18C09,U+18C09,𘰉,,0,[],[],,Unicode Block,"[{'source_name': 'Unicode', 'url': 'Unicode Block U+18B00–U+18CFF', 'fetched_at': '2025-09-22T17:38:31.192025'}]"
U+18C0A,Khitan Large Script Character 18C0A,U+18C0A,𘰊,,0,[],[],,Unicode Block,"[{'source_name': 'Unicode', 'url': 'Unicode Block U+18B00–U+18CFF', 'fetched_at': '2025-09-22T17:38:31.192035'}]"
U+18C0B,Khitan Large Script Character 18C0B,U+18C0B,𘰋,,0,[],[],,Unicode Block,"[{'source_name': 'Unicode', 'url': 'Unicode Block U+18B00–U+18CFF', 'fetched_at': '2025-09-22T17:38:31.192041'}]"
U+18C0C,Khitan Large Script Character 18C0C,U+18C0C,𘰌,,0,[],[],,Unicode Block,"[{'source_name': 'Unicode', 'url': 'Unicode Block U+18B00–U+18CFF', 'fetched_at': '2025-09-22T17:38:31.192049'}]"
U+18C0D,Khitan Large Script Character 18C0D,U+18C0D,𘰍,,0,[],[],,Unicode Block,"[{'source_name': 'Unicode', 'url': 'Unicode Block U+18B00–U+18CFF', 'fetched_at': '2025-09-22T17:38:31.192055'}]"
U+18C0E,Khitan Large Script Character 18C0E,U+18C0E,𘰎,,0,[],[],,Unicode Block,"[{'source_name': 'Unicode', 'url': 'Unicode Block U+18B00–U+18CFF', 'fetched_at': '2025-09-22T17:38:31.192060'}]"
U+18C0F,Khitan Large Script Character 18C0F,U+18C0F,𘰏,,0,[],[],,Unicode Block,"[{'source_name': 'Unicode', 'url': 'Unicode Block U+18B00–U+18CFF', 'fetched_at': '2025-09-22T17:38:31.192068'}]"
U+18C10,Khitan Large Script Character 18C10,U+18C10,𘰐,,0,[],[],,Unicode Block,"[{'source_name': 'Unicode', 'url': 'Unicode Block U+18B00–U+18CFF', 'fetched_at': '2025-09-22T17:38:31.192074'}]"
U+18C11,Khitan Large Script Character 18C11,U+18C11,𘰑,,0,[],[],,Unicode Block,"[{'source_name': 'Unicode', 'url': 'Unicode Block U+18B00–U+18CFF', 'fetched_at': '2025-09-22T17:38:31.192079'}]"
U+18C12,Khitan Large Script Character 18C12,U+18C12,𘰒,,0,[],[],,Unicode Block,"[{'source_name': 'Unicode', 'url': 'Unicode Block U+18B00–U+18CFF', 'fetched_at': '2025-09-22T17:38:31.192087'}]"
U+18C13,Khitan Large Script Character 18C13,U+18C13,𘰓,,0,[],[],,Unicode Block,"[{'source_name': 'Unicode', 'url': 'Unicode Block U+18B00–U+18CFF', 'fetched_at': '2025-09-22T17:38:31.192093'}]"
U+18C14,Khitan Large Script Character 18C14,U+18C14,𘰔,,0,[],[],,Unicode Block,"[{'source_name': 'Unicode', 'url': 'Unicode Block U+18B00–U+18CFF', 'fetched_at': '2025-09-22T17:38:31.192098'}]"
U+18C15,Khitan Large Script Character 18C15,U+18C15,𘰕,,0,[],[],,Unicode Block,"[{'source_name': 'Unicode', 'url': 'Unicode Block U+18B00–U+18CFF', 'fetched_at': '2025-09-22T17:38:31.192104'}]"
U+18C16,Khitan Large Script Character 18C16,U+18C16,𘰖,,0,[],[],,Unicode Block,"[{'source_name': 'Unicode', 'url': 'Unicode Block U+18B00–U+18CFF', 'fetched_at': '2025-09-22T17:38:31.192110'}]"
U+18C17,Khitan Large Script Character 18C17,U+18C17,𘰗,,0,[],[],,Unicode Block,"[{'source_name': 'Unicode', 'url': 'Unicode Block U+18B00–U+18CFF', 'fetched_at': '2025-09-22T17:38:31.192117'}]"
U+18C18,Khitan Large Script Character 18C18,U+18C18,𘰘,,0,[],[],,Unicode Block,"[{'source_name': 'Unicode', 'url': 'Unicode Block U+18B00–U+18CFF', 'fetched_at': '2025-09-22T17:38:31.192123'}]"
U+18C19,Khitan Large Script Character 18C19,U+18C19,𘰙,,0,[],[],,Unicode Block,"[{'source_name': 'Unicode', 'url': 'Unicode Block U+18B00–U+18CFF', 'fetched_at': '2025-09-22T17:38:31.192129'}]"
U+18C1A,Khitan Large Script Character 18C1A,U+18C1A,𘰚,,0,[],[],,Unicode Block,"[{'source_name': 'Unicode', 'url': 'Unicode Block U+18B00–U+18CFF', 'fetched_at': '2025-09-22T17:38:31.192135'}]"
U+18C1B,Khitan Large Script Character 18C1B,U+18C1B,𘰛,,0,[],[],,Unicode Block,"[{'source_name': 'Unicode', 'url': 'Unicode Block U+18B00–U+18CFF', 'fetched_at': '2025-09-22T17:38:31.192140'}]"
U+18C1C,Khitan Large Script Character 18C1C,U+18C1C,𘰜,,0,[],[],,Unicode Block,"[{'source_name': 'Unicode', 'url': 'Unicode Block U+18B00–U+18CFF', 'fetched_at': '2025-09-22T17:38:31.192148'}]"
U+18C1D,Khitan Large Script Character 18C1D,U+18C1D,𘰝,,0,[],[],,Unicode Block,"[{'source_name': 'Unicode', 'url': 'Unicode Block U+18B00–U+18CFF', 'fetched_at': '2025-09-22T17:38:31.192154'}]"
U+18C1E,Khitan Large Script Character 18C1E,U+18C1E,𘰞,,0,[],[],,Unicode Block,"[{'source_name': 'Unicode', 'url': 'Unicode Block U+18B00–U+18CFF', 'fetched_at': '2025-09-22T17:38:31.192159'}]"
U+18C1F,Khitan Large Script Character 18C1F,U+18C1F,𘰟,,0,[],[],,Unicode Block,"[{'source_name': 'Unicode', 'url': 'Unicode Block U+18B00–U+18CFF', 'fetched_at': '2025-09-22T17:38:31.192165'}]"
U+18C20,Khitan Large Script Character 18C20,U+18C20,𘰠,,0,[],[],,Unicode Block,"[{'source_name': 'Unicode', 'url': 'Unicode Block U+18B00–U+18CFF', 'fetched_at': '2025-09-22T17:38:31.192171'}]"
U+18C21,Khitan Large Script Character 18C21,U+18C21,𘰡,,0,[],[],,Unicode Block,"[{'source_name': 'Unicode', 'url': 'Unicode Block U+18B00–U+18CFF', 'fetched_at': '2025-09-22T17:38:31.192178'}]"
U+18C22,Khitan Large Script Character 18C22,U+18C22,𘰢,,0,[],[],,Unicode Block,"[{'source_name': 'Unicode', 'url': 'Unicode Block U+18B00–U+18CFF', 'fetched_at': '2025-09-22T17:38:31.192184'}]"
U+18C23,Khitan Large Script Character 18C23,U+18C23,𘰣,,0,[],[],,Unicode Block,"[{'source_name': 'Unicode', 'url': 'Unicode Block U+18B00–U+18CFF', 'fetched_at': '2025-09-22T17:38:31.192192'}]"
U+18C24,Khitan Large Script Character 18C24,U+18C24,𘰤,,0,[],[],,Unicode Block,"[{'source_name': 'Unicode', 'url': 'Unicode Block U+18B00–U+18CFF', 'fetched_at': '2025-09-22T17:38:31.192197'}]"
U+18C25,Khitan Large Script Character 18C25,U+18C25,𘰥,,0,[],[],,Unicode Block,"[{'source_name': 'Unicode', 'url': 'Unicode Block U+18B00–U+18CFF', 'fetched_at': '2025-09-22T17:38:31.192203'}]"
U+18C26,Khitan Large Script Character 18C26,U+18C26,𘰦,,0,[],[],,Unicode Block,"[{'source_name': 'Unicode', 'url': 'Unicode Block U+18B00–U+18CFF', 'fetched_at': '2025-09-22T17:38:31.192211'}]"
U+18C27,Khitan Large Script Character 18C27,U+18C27,𘰧,,0,[],[],,Unicode Block,"[{'source_name': 'Unicode', 'url': 'Unicode Block U+18B00–U+18CFF', 'fetched_at': '2025-09-22T17:38:31.192233'}]"
U+18C28,Khitan Large Script Character 18C28,U+18C28,𘰨,,0,[],[],,Unicode Block,"[{'source_name': 'Unicode', 'url': 'Unicode Block U+18B00–U+18CFF', 'fetched_at': '2025-09-22T17:38:31.192239'}]"
U+18C29,Khitan Large Script Character 18C29,U+18C29,𘰩,,0,[],[],,Unicode Block,"[{'source_name': 'Unicode', 'url': 'Unicode Block U+18B00–U+18CFF', 'fetched_at': '2025-09-22T17:38:31.192245'}]"
U+18C2A,Khitan Large Script Character 18C2A,U+18C2A,𘰪,,0,[],[],,Unicode Block,"[{'source_name': 'Unicode', 'url': 'Unicode Block U+18B00–U+18CFF', 'fetched_at': '2025-09-22T17:38:31.192251'}]"
U+18C2B,Khitan Large Script Character 18C2B,U+18C2B,𘰫,,0,[],[],,Unicode Block,"[{'source_name': 'Unicode', 'url': 'Unicode Block U+18B00–U+18CFF', 'fetched_at': '2025-09-22T17:38:31.192257'}]"
U+18C2C,Khitan Large Script Character 18C2C,U+18C2C,𘰬,,0,[],[],,Unicode Block,"[{'source_name': 'Unicode', 'url': 'Unicode Block U+18B00–U+18CFF', 'fetched_at': '2025-09-22T17:38:31.192265'}]"
U+18C2D,Khitan Large Script Character 18C2D,U+18C2D,𘰭,,0,[],[],,Unicode Block,"[{'source_name': 'Unicode', 'url': 'Unicode Block U+18B00–U+18CFF', 'fetched_at': '2025-09-22T17:38:31.192270'}]"
U+18C2E,Khitan Large Script Character 18C2E,U+18C2E,𘰮,,0,[],[],,Unicode Block,"[{'source_name': 'Unicode', 'url': 'Unicode Block U+18B00–U+18CFF', 'fetched_at': '2025-09-22T17:38:31.192276'}]"
U+18C2F,Khitan Large Script Character 18C2F,U+18C2F,𘰯,,0,[],[],,Unicode Block,"[{'source_name': 'Unicode', 'url': 'Unicode Block U+18B00–U+18CFF', 'fetched_at': '2025-09-22T17:38:31.192284'}]"
U+18C30,Khitan Large Script Character 18C30,U+18C30,𘰰,,0,[],[],,Unicode Block,"[{'source_name': 'Unicode', 'url': 'Unicode Block U+18B00–U+18CFF', 'fetched_at': '2025-09-22T17:38:31.192291'}]"
U+18C31,Khitan Large Script Character 18C31,U+18C31,𘰱,,0,[],[],,Unicode Block,"[{'source_name': 'Unicode', 'url': 'Unicode Block U+18B00–U+18CFF', 'fetched_at': '2025-09-22T17:38:31.192297'}]"
U+18C32,Khitan Large Script Character 18C32,U+18C32,𘰲,,0,[],[],,Unicode Block,"[{'source_name': 'Unicode', 'url': 'Unicode Block U+18B00–U+18CFF', 'fetched_at': '2025-09-22T17:38:31.192305'}]"
U+18C33,Khitan Large Script Character 18C33,U+18C33,𘰳,,0,[],[],,Unicode Block,"[{'source_name': 'Unicode', 'url': 'Unicode Block U+18B00–U+18CFF', 'fetched_at': '2025-09-22T17:38:31.192311'}]"
U+18C34,Khitan Large Script Character 18C34,U+18C34,𘰴,,0,[],[],,Unicode Block,"[{'source_name': 'Unicode', 'url': 'Unicode Block U+18B00–U+18CFF', 'fetched_at': '2025-09-22T17:38:31.192316'}]"
U+18C35,Khitan Large Script Character 18C35,U+18C35,𘰵,,0,[],[],,Unicode Block,"[{'source_name': 'Unicode', 'url': 'Unicode Block U+18B00–U+18CFF', 'fetched_at': '2025-09-22T17:38:31.192322'}]"
U+18C36,Khitan Large Script Character 18C36,U+18C36,𘰶,,0,[],[],,Unicode Block,"[{'source_name': 'Unicode', 'url': 'Unicode Block U+18B00–U+18CFF', 'fetched_at': '2025-09-22T17:38:31.192328'}]"
U+18C37,Khitan Large Script Character 18C37,U+18C37,𘰷,,0,[],[],,Unicode Block,"[{'source_name': 'Unicode', 'url': 'Unicode Block U+18B00–U+18CFF', 'fetched_at': '2025-09-22T17:38:31.192335'}]"
U+18C38,Khitan Large Script Character 18C38,U+18C38,𘰸,,0,[],[],,Unicode Block,"[{'source_name': 'Unicode', 'url': 'Unicode Block U+18B00–U+18CFF', 'fetched_at': '2025-09-22T17:38:31.192341'}]"
U+18C39,Khitan Large Script Character 18C39,U+18C39,𘰹,,0,[],[],,Unicode Block,"[{'source_name': 'Unicode', 'url': 'Unicode Block U+18B00–U+18CFF', 'fetched_at': '2025-09-22T17:38:31.192347'}]"
U+18C3A,Khitan Large Script Character 18C3A,U+18C3A,𘰺,,0,[],[],,Unicode Block,"[{'source_name': 'Unicode', 'url': 'Unicode Block U+18B00–U+18CFF', 'fetched_at': '2025-09-22T17:38:31.192354'}]"
U+18C3B,Khitan Large Script Character 18C3B,U+18C3B,𘰻,,0,[],[],,Unicode Block,"[{'source_name': 'Unicode', 'url': 'Unicode Block U+18B00–U+18CFF', 'fetched_at': '2025-09-22T17:38:31.192360'}]"
U+18C3C,Khitan Large Script Character 18C3C,U+18C3C,𘰼,,0,[],[],,Unicode Block,"[{'source_name': 'Unicode', 'url': 'Unicode Block U+18B00–U+18CFF', 'fetched_at': '2025-09-22T17:38:31.192366'}]"
U+18C3D,Khitan Large Script Character 18C3D,U+18C3D,𘰽,,0,[],[],,Unicode Block,"[{'source_name': 'Unicode', 'url': 'Unicode Block U+18B00–U+18CFF', 'fetched_at': '2025-09-22T17:38:31.192375'}]"
U+18C3E,Khitan Large Script Character 18C3E,U+18C3E,𘰾,,0,[],[],,Unicode Block,"[{'source_name': 'Unicode', 'url': 'Unicode Block U+18B00–U+18CFF', 'fetched_at': '2025-09-22T17:38:31.192381'}]"
U+18C3F,Khitan Large Script Character 18C3F,U+18C3F,𘰿,,0,[],[],,Unicode Block,"[{'source_name': 'Unicode', 'url': 'Unicode Block U+18B00–U+18CFF', 'fetched_at': '2025-09-22T17:38:31.192387'}]"
U+18C40,Khitan Large Script Character 18C40,U+18C40,𘱀,,0,[],[],,Unicode Block,"[{'source_name': 'Unicode', 'url': 'Unicode Block U+18B00–U+18CFF', 'fetched_at': '2025-09-22T17:38:31.192393'}]"
U+18C41,Khitan Large Script Character 18C41,U+18C41,𘱁,,0,[],[],,Unicode Block,"[{'source_name': 'Unicode', 'url': 'Unicode Block U+18B00–U+18CFF', 'fetched_at': '2025-09-22T17:38:31.192400'}]"
U+18C42,Khitan Large Script Character 18C42,U+18C42,𘱂,,0,[],[],,Unicode Block,"[{'source_name': 'Unicode', 'url': 'Unicode Block U+18B00–U+18CFF', 'fetched_at': '2025-09-22T17:38:31.192406'}]"
U+18C43,Khitan Large Script Character 18C43,U+18C43,𘱃,,0,[],[],,Unicode Block,"[{'source_name': 'Unicode', 'url': 'Unicode Block U+18B00–U+18CFF', 'fetched_at': '2025-09-22T17:38:31.192412'}]"
U+18C44,Khitan Large Script Character 18C44,U+18C44,𘱄,,0,[],[],,Unicode Block,"[{'source_name': 'Unicode', 'url': 'Unicode Block U+18B00–U+18CFF', 'fetched_at': '2025-09-22T17:38:31.192419'}]"
U+18C45,Khitan Large Script Character 18C45,U+18C45,𘱅,,0,[],[],,Unicode Block,"[{'source_name': 'Unicode', 'url': 'Unicode Block U+18B00–U+18CFF', 'fetched_at': '2025-09-22T17:38:31.192425'}]"
U+18C46,Khitan Large Script Character 18C46,U+18C46,𘱆,,0,[],[],,Unicode Block,"[{'source_name': 'Unicode', 'url': 'Unicode Block U+18B00–U+18CFF', 'fetched_at': '2025-09-22T17:38:31.192431'}]"
U+18C47,Khitan Large Script Character 18C47,U+18C47,𘱇,,0,[],[],,Unicode Block,"[{'source_name': 'Unicode', 'url': 'Unicode Block U+18B00–U+18CFF', 'fetched_at': '2025-09-22T17:38:31.192436'}]"
U+18C48,Khitan Large Script Character 18C48,U+18C48,𘱈,,0,[],[],,Unicode Block,"[{'source_name': 'Unicode', 'url': 'Unicode Block U+18B00–U+18CFF', 'fetched_at': '2025-09-22T17:38:31.192442'}]"
U+18C49,Khitan Large Script Character 18C49,U+18C49,𘱉,,0,[],[],,Unicode Block,"[{'source_name': 'Unicode', 'url': 'Unicode Block U+18B00–U+18CFF', 'fetched_at': '2025-09-22T17:38:31.192448'}]"
U+18C4A,Khitan Large Script Character 18C4A,U+18C4A,𘱊,,0,[],[],,Unicode Block,"[{'source_name': 'Unicode', 'url': 'Unicode Block U+18B00–U+18CFF', 'fetched_at': '2025-09-22T17:38:31.192454'}]"
U+18C4B,Khitan Large Script Character 18C4B,U+18C4B,𘱋,,0,[],[],,Unicode Block,"[{'source_name': 'Unicode', 'url': 'Unicode Block U+18B00–U+18CFF', 'fetched_at': '2025-09-22T17:38:31.192459'}]"
U+18C4C,Khitan Large Script Character 18C4C,U+18C4C,𘱌,,0,[],[],,Unicode Block,"[{'source_name': 'Unicode', 'url': 'Unicode Block U+18B00–U+18CFF', 'fetched_at': '2025-09-22T17:38:31.192467'}]"
U+18C4D,Khitan Large Script Character 18C4D,U+18C4D,𘱍,,0,[],[],,Unicode Block,"[{'source_name': 'Unicode', 'url': 'Unicode Block U+18B00–U+18CFF', 'fetched_at': '2025-09-22T17:38:31.192473'}]"
U+18C4E,Khitan Large Script Character 18C4E,U+18C4E,𘱎,,0,[],[],,Unicode Block,"[{'source_name': 'Unicode', 'url': 'Unicode Block U+18B00–U+18CFF', 'fetched_at': '2025-09-22T17:38:31.192481'}]"
U+18C4F,Khitan Large Script Character 18C4F,U+18C4F,𘱏,,0,[],[],,Unicode Block,"[{'source_name': 'Unicode', 'url': 'Unicode Block U+18B00–U+18CFF', 'fetched_at': '2025-09-22T17:38:31.192487'}]"
U+18C50,Khitan Large Script Character 18C50,U+18C50,𘱐,,0,[],[],,Unicode Block,"[{'source_name': 'Unicode', 'url': 'Unicode Block U+18B00–U+18CFF', 'fetched_at': '2025-09-22T17:38:31.192493'}]"
U+18C51,Khitan Large Script Character 18C51,U+18C51,𘱑,,0,[],[],,Unicode Block,"[{'source_name': 'Unicode', 'url': 'Unicode Block U+18B00–U+18CFF', 'fetched_at': '2025-09-22T17:38:31.192499'}]"
U+18C52,Khitan Large Script Character 18C52,U+18C52,𘱒,,0,[],[],,Unicode Block,"[{'source_name': 'Unicode', 'url': 'Unicode Block U+18B00–U+18CFF', 'fetched_at': '2025-09-22T17:38:31.192505'}]"
U+18C53,Khitan Large Script Character 18C53,U+18C53,𘱓,,0,[],[],,Unicode Block,"[{'source_name': 'Unicode', 'url': 'Unicode Block U+18B00–U+18CFF', 'fetched_at': '2025-09-22T17:38:31.192510'}]"
U+18C54,Khitan Large Script Character 18C54,U+18C54,𘱔,,0,[],[],,Unicode Block,"[{'source_name': 'Unicode', 'url': 'Unicode Block U+18B00–U+18CFF', 'fetched_at': '2025-09-22T17:38:31.192516'}]"
U+18C55,Khitan Large Script Character 18C55,U+18C55,𘱕,,0,[],[],,Unicode Block,"[{'source_name': 'Unicode', 'url': 'Unicode Block U+18B00–U+18CFF', 'fetched_at': '2025-09-22T17:38:31.192522'}]"
U+18C56,Khitan Large Script Character 18C56,U+18C56,𘱖,,0,[],[],,Unicode Block,"[{'source_name': 'Unicode', 'url': 'Unicode Block U+18B00–U+18CFF', 'fetched_at': '2025-09-22T17:38:31.192531'}]"
U+18C57,Khitan Large Script Character 18C57,U+18C57,𘱗,,0,[],[],,Unicode Block,"[{'source_name': 'Unicode', 'url': 'Unicode Block U+18B00–U+18CFF', 'fetched_at': '2025-09-22T17:38:31.192537'}]"
U+18C58,Khitan Large Script Character 18C58,U+18C58,𘱘,,0,[],[],,Unicode Block,"[{'source_name': 'Unicode', 'url': 'Unicode Block U+18B00–U+18CFF', 'fetched_at': '2025-09-22T17:38:31.192544'}]"
U+18C59,Khitan Large Script Character 18C59,U+18C59,𘱙,,0,[],[],,Unicode Block,"[{'source_name': 'Unicode', 'url': 'Unicode Block U+18B00–U+18CFF', 'fetched_at': '2025-09-22T17:38:31.192550'}]"
U+18C5A,Khitan Large Script Character 18C5A,U+18C5A,𘱚,,0,[],[],,Unicode Block,"[{'source_name': 'Unicode', 'url': 'Unicode Block U+18B00–U+18CFF', 'fetched_at': '2025-09-22T17:38:31.192556'}]"
U+18C5B,Khitan Large Script Character 18C5B,U+18C5B,𘱛,,0,[],[],,Unicode Block,"[{'source_name': 'Unicode', 'url': 'Unicode Block U+18B00–U+18CFF', 'fetched_at': '2025-09-22T17:38:31.192561'}]"
U+18C5C,Khitan Large Script Character 18C5C,U+18C5C,𘱜,,0,[],[],,Unicode Block,"[{'source_name': 'Unicode', 'url': 'Unicode Block U+18B00–U+18CFF', 'fetched_at': '2025-09-22T17:38:31.192567'}]"
U+18C5D,Khitan Large Script Character 18C5D,U+18C5D,𘱝,,0,[],[],,Unicode Block,"[{'source_name': 'Unicode', 'url': 'Unicode Block U+18B00–U+18CFF', 'fetched_at': '2025-09-22T17:38:31.192575'}]"
U+18C5E,Khitan Large Script Character 18C5E,U+18C5E,𘱞,,0,[],[],,Unicode Block,"[{'source_name': 'Unicode', 'url': 'Unicode Block U+18B00–U+18CFF', 'fetched_at': '2025-09-22T17:38:31.192580'}]"
U+18C5F,Khitan Large Script Character 18C5F,U+18C5F,𘱟,,0,[],[],,Unicode Block,"[{'source_name': 'Unicode', 'url': 'Unicode Block U+18B00–U+18CFF', 'fetched_at': '2025-09-22T17:38:31.192586'}]"
U+18C60,Khitan Large Script Character 18C60,U+18C60,𘱠,,0,[],[],,Unicode Block,"[{'source_name': 'Unicode', 'url': 'Unicode Block U+18B00–U+18CFF', 'fetched_at': '2025-09-22T17:38:31.192592'}]"
U+18C61,Khitan Large Script Character 18C61,U+18C61,𘱡,,0,[],[],,Unicode Block,"[{'source_name': 'Unicode', 'url': 'Unicode Block U+18B00–U+18CFF', 'fetched_at': '2025-09-22T17:38:31.192600'}]"
U+18C62,Khitan Large Script Character 18C62,U+18C62,𘱢,,0,[],[],,Unicode Block,"[{'source_name': 'Unicode', 'url': 'Unicode Block U+18B00–U+18CFF', 'fetched_at': '2025-09-22T17:38:31.192607'}]"
U+18C63,Khitan Large Script Character 18C63,U+18C63,𘱣,,0,[],[],,Unicode Block,"[{'source_name': 'Unicode', 'url': 'Unicode Block U+18B00–U+18CFF', 'fetched_at': '2025-09-22T17:38:31.192613'}]"
U+18C64,Khitan Large Script Character 18C64,U+18C64,𘱤,,0,[],[],,Unicode Block,"[{'source_name': 'Unicode', 'url': 'Unicode Block U+18B00–U+18CFF', 'fetched_at': '2025-09-22T17:38:31.192619'}]"
U+18C65,Khitan Large Script Character 18C65,U+18C65,𘱥,,0,[],[],,Unicode Block,"[{'source_name': 'Unicode', 'url': 'Unicode Block U+18B00–U+18CFF', 'fetched_at': '2025-09-22T17:38:31.192624'}]"
U+18C66,Khitan Large Script Character 18C66,U+18C66,𘱦,,0,[],[],,Unicode Block,"[{'source_name': 'Unicode', 'url': 'Unicode Block U+18B00–U+18CFF', 'fetched_at': '2025-09-22T17:38:31.192630'}]"
U+18C67,Khitan Large Script Character 18C67,U+18C67,𘱧,,0,[],[],,Unicode Block,"[{'source_name': 'Unicode', 'url': 'Unicode Block U+18B00–U+18CFF', 'fetched_at': '2025-09-22T17:38:31.192636'}]"
U+18C68,Khitan Large Script Character 18C68,U+18C68,𘱨,,0,[],[],,Unicode Block,"[{'source_name': 'Unicode', 'url': 'Unicode Block U+18B00–U+18CFF', 'fetched_at': '2025-09-22T17:38:31.192642'}]"
U+18C69,Khitan Large Script Character 18C69,U+18C69,𘱩,,0,[],[],,Unicode Block,"[{'source_name': 'Unicode', 'url': 'Unicode Block U+18B00–U+18CFF', 'fetched_at': '2025-09-22T17:38:31.192647'}]"
U+18C6A,Khitan Large Script Character 18C6A,U+18C6A,𘱪,,0,[],[],,Unicode Block,"[{'source_name': 'Unicode', 'url': 'Unicode Block U+18B00–U+18CFF', 'fetched_at': '2025-09-22T17:38:31.192653'}]"
U+18C6B,Khitan Large Script Character 18C6B,U+18C6B,𘱫,,0,[],[],,Unicode Block,"[{'source_name': 'Unicode', 'url': 'Unicode Block U+18B00–U+18CFF', 'fetched_at': '2025-09-22T17:38:31.192659'}]"
U+18C6C,Khitan Large Script Character 18C6C,U+18C6C,𘱬,,0,[],[],,Unicode Block,"[{'source_name': 'Unicode', 'url': 'Unicode Block U+18B00–U+18CFF', 'fetched_at': '2025-09-22T17:38:31.192668'}]"
U+18C6D,Khitan Large Script Character 18C6D,U+18C6D,𘱭,,0,[],[],,Unicode Block,"[{'source_name': 'Unicode', 'url': 'Unicode Block U+18B00–U+18CFF', 'fetched_at': '2025-09-22T17:38:31.192674'}]"
U+18C6E,Khitan Large Script Character 18C6E,U+18C6E,𘱮,,0,[],[],,Unicode Block,"[{'source_name': 'Unicode', 'url': 'Unicode Block U+18B00–U+18CFF', 'fetched_at': '2025-09-22T17:38:31.192681'}]"
U+18C6F,Khitan Large Script Character 18C6F,U+18C6F,𘱯,,0,[],[],,Unicode Block,"[{'source_name': 'Unicode', 'url': 'Unicode Block U+18B00–U+18CFF', 'fetched_at': '2025-09-22T17:38:31.192687'}]"
U+18C70,Khitan Large Script Character 18C70,U+18C70,𘱰,,0,[],[],,Unicode Block,"[{'source_name': 'Unicode', 'url': 'Unicode Block U+18B00–U+18CFF', 'fetched_at': '2025-09-22T17:38:31.192696'}]"
U+18C71,Khitan Large Script Character 18C71,U+18C71,𘱱,,0,[],[],,Unicode Block,"[{'source_name': 'Unicode', 'url': 'Unicode Block U+18B00–U+18CFF', 'fetched_at': '2025-09-22T17:38:31.192702'}]"
U+18C72,Khitan Large Script Character 18C72,U+18C72,𘱲,,0,[],[],,Unicode Block,"[{'source_name': 'Unicode', 'url': 'Unicode Block U+18B00–U+18CFF', 'fetched_at': '2025-09-22T17:38:31.192708'}]"
U+18C73,Khitan Large Script Character 18C73,U+18C73,𘱳,,0,[],[],,Unicode Block,"[{'source_name': 'Unicode', 'url': 'Unicode Block U+18B00–U+18CFF', 'fetched_at': '2025-09-22T17:38:31.192714'}]"
U+18C74,Khitan Large Script Character 18C74,U+18C74,𘱴,,0,[],[],,Unicode Block,"[{'source_name': 'Unicode', 'url': 'Unicode Block U+18B00–U+18CFF', 'fetched_at': '2025-09-22T17:38:31.192719'}]"
U+18C75,Khitan Large Script Character 18C75,U+18C75,𘱵,,0,[],[],,Unicode Block,"[{'source_name': 'Unicode', 'url': 'Unicode Block U+18B00–U+18CFF', 'fetched_at': '2025-09-22T17:38:31.192725'}]"
U+18C76,Khitan Large Script Character 18C76,U+18C76,𘱶,,0,[],[],,Unicode Block,"[{'source_name': 'Unicode', 'url': 'Unicode Block U+18B00–U+18CFF', 'fetched_at': '2025-09-22T17:38:31.192756'}]"
U+18C77,Khitan Large Script Character 18C77,U+18C77,𘱷,,0,[],[],,Unicode Block,"[{'source_name': 'Unicode', 'url': 'Unicode Block U+18B00–U+18CFF', 'fetched_at': '2025-09-22T17:38:31.192762'}]"
U+18C78,Khitan Large Script Character 18C78,U+18C78,𘱸,,0,[],[],,Unicode Block,"[{'source_name': 'Unicode', 'url': 'Unicode Block U+18B00–U+18CFF', 'fetched_at': '2025-09-22T17:38:31.192768'}]"
U+18C79,Khitan Large Script Character 18C79,U+18C79,𘱹,,0,[],[],,Unicode Block,"[{'source_name': 'Unicode', 'url': 'Unicode Block U+18B00–U+18CFF', 'fetched_at': '2025-09-22T17:38:31.192774'}]"
U+18C7A,Khitan Large Script Character 18C7A,U+18C7A,𘱺,,0,[],[],,Unicode Block,"[{'source_name': 'Unicode', 'url': 'Unicode Block U+18B00–U+18CFF', 'fetched_at': '2025-09-22T17:38:31.192780'}]"
U+18C7B,Khitan Large Script Character 18C7B,U+18C7B,𘱻,,0,[],[],,Unicode Block,"[{'source_name': 'Unicode', 'url': 'Unicode Block U+18B00–U+18CFF', 'fetched_at': '2025-09-22T17:38:31.192786'}]"
U+18C7C,Khitan Large Script Character 18C7C,U+18C7C,𘱼,,0,[],[],,Unicode Block,"[{'source_name': 'Unicode', 'url': 'Unicode Block U+18B00–U+18CFF', 'fetched_at': '2025-09-22T17:38:31.192791'}]"
U+18C7D,Khitan Large Script Character 18C7D,U+18C7D,𘱽,,0,[],[],,Unicode Block,"[{'source_name': 'Unicode', 'url': 'Unicode Block U+18B00–U+18CFF', 'fetched_at': '2025-09-22T17:38:31.192797'}]"
U+18C7E,Khitan Large Script Character 18C7E,U+18C7E,𘱾,,0,[],[],,Unicode Block,"[{'source_name': 'Unicode', 'url': 'Unicode Block U+18B00–U+18CFF', 'fetched_at': '2025-09-22T17:38:31.192803'}]"
U+18C7F,Khitan Large Script Character 18C7F,U+18C7F,𘱿,,0,[],[],,Unicode Block,"[{'source_name': 'Unicode', 'url': 'Unicode Block U+18B00–U+18CFF', 'fetched_at': '2025-09-22T17:38:31.192809'}]"
U+18C80,Khitan Large Script Character 18C80,U+18C80,𘲀,,0,[],[],,Unicode Block,"[{'source_name': 'Unicode', 'url': 'Unicode Block U+18B00–U+18CFF', 'fetched_at': '2025-09-22T17:38:31.192816'}]"
U+18C81,Khitan Large Script Character 18C81,U+18C81,𘲁,,0,[],[],,Unicode Block,"[{'source_name': 'Unicode', 'url': 'Unicode Block U+18B00–U+18CFF', 'fetched_at': '2025-09-22T17:38:31.192823'}]"
U+18C82,Khitan Large Script Character 18C82,U+18C82,𘲂,,0,[],[],,Unicode Block,"[{'source_name': 'Unicode', 'url': 'Unicode Block U+18B00–U+18CFF', 'fetched_at': '2025-09-22T17:38:31.192829'}]"
U+18C83,Khitan Large Script Character 18C83,U+18C83,𘲃,,0,[],[],,Unicode Block,"[{'source_name': 'Unicode', 'url': 'Unicode Block U+18B00–U+18CFF', 'fetched_at': '2025-09-22T17:38:31.192835'}]"
U+18C84,Khitan Large Script Character 18C84,U+18C84,𘲄,,0,[],[],,Unicode Block,"[{'source_name': 'Unicode', 'url': 'Unicode Block U+18B00–U+18CFF', 'fetched_at': '2025-09-22T17:38:31.192841'}]"
U+18C85,Khitan Large Script Character 18C85,U+18C85,𘲅,,0,[],[],,Unicode Block,"[{'source_name': 'Unicode', 'url': 'Unicode Block U+18B00–U+18CFF', 'fetched_at': '2025-09-22T17:38:31.192846'}]"
U+18C86,Khitan Large Script Character 18C86,U+18C86,𘲆,,0,[],[],,Unicode Block,"[{'source_name': 'Unicode', 'url': 'Unicode Block U+18B00–U+18CFF', 'fetched_at': '2025-09-22T17:38:31.192852'}]"
U+18C87,Khitan Large Script Character 18C87,U+18C87,𘲇,,0,[],[],,Unicode Block,"[{'source_name': 'Unicode', 'url': 'Unicode Block U+18B00–U+18CFF', 'fetched_at': '2025-09-22T17:38:31.192858'}]"
U+18C88,Khitan Large Script Character 18C88,U+18C88,𘲈,,0,[],[],,Unicode Block,"[{'source_name': 'Unicode', 'url': 'Unicode Block U+18B00–U+18CFF', 'fetched_at': '2025-09-22T17:38:31.192866'}]"
U+18C89,Khitan Large Script Character 18C89,U+18C89,𘲉,,0,[],[],,Unicode Block,"[{'source_name': 'Unicode', 'url': 'Unicode Block U+18B00–U+18CFF', 'fetched_at': '2025-09-22T17:38:31.192873'}]"
U+18C8A,Khitan Large Script Character 18C8A,U+18C8A,𘲊,,0,[],[],,Unicode Block,"[{'source_name': 'Unicode', 'url': 'Unicode Block U+18B00–U+18CFF', 'fetched_at': '2025-09-22T17:38:31.192881'}]"
U+18C8B,Khitan Large Script Character 18C8B,U+18C8B,𘲋,,0,[],[],,Unicode Block,"[{'source_name': 'Unicode', 'url': 'Unicode Block U+18B00–U+18CFF', 'fetched_at': '2025-09-22T17:38:31.192887'}]"
U+18C8C,Khitan Large Script Character 18C8C,U+18C8C,𘲌,,0,[],[],,Unicode Block,"[{'source_name': 'Unicode', 'url': 'Unicode Block U+18B00–U+18CFF', 'fetched_at': '2025-09-22T17:38:31.192894'}]"
U+18C8D,Khitan Large Script Character 18C8D,U+18C8D,𘲍,,0,[],[],,Unicode Block,"[{'source_name': 'Unicode', 'url': 'Unicode Block U+18B00–U+18CFF', 'fetched_at': '2025-09-22T17:38:31.192900'}]"
U+18C8E,Khitan Large Script Character 18C8E,U+18C8E,𘲎,,0,[],[],,Unicode Block,"[{'source_name': 'Unicode', 'url': 'Unicode Block U+18B00–U+18CFF', 'fetched_at': '2025-09-22T17:38:31.192907'}]"
U+18C8F,Khitan Large Script Character 18C8F,U+18C8F,𘲏,,0,[],[],,Unicode Block,"[{'source_name': 'Unicode', 'url': 'Unicode Block U+18B00–U+18CFF', 'fetched_at': '2025-09-22T17:38:31.192913'}]"
U+18C90,Khitan Large Script Character 18C90,U+18C90,𘲐,,0,[],[],,Unicode Block,"[{'source_name': 'Unicode', 'url': 'Unicode Block U+18B00–U+18CFF', 'fetched_at': '2025-09-22T17:38:31.192919'}]"
U+18C91,Khitan Large Script Character 18C91,U+18C91,𘲑,,0,[],[],,Unicode Block,"[{'source_name': 'Unicode', 'url': 'Unicode Block U+18B00–U+18CFF', 'fetched_at': '2025-09-22T17:38:31.192925'}]"
U+18C92,Khitan Large Script Character 18C92,U+18C92,𘲒,,0,[],[],,Unicode Block,"[{'source_name': 'Unicode', 'url': 'Unicode Block U+18B00–U+18CFF', 'fetched_at': '2025-09-22T17:38:31.192931'}]"
U+18C93,Khitan Large Script Character 18C93,U+18C93,𘲓,,0,[],[],,Unicode Block,"[{'source_name': 'Unicode', 'url': 'Unicode Block U+18B00–U+18CFF', 'fetched_at': '2025-09-22T17:38:31.192936'}]"
U+18C94,Khitan Large Script Character 18C94,U+18C94,𘲔,,0,[],[],,Unicode Block,"[{'source_name': 'Unicode', 'url': 'Unicode Block U+18B00–U+18CFF', 'fetched_at': '2025-09-22T17:38:31.192944'}]"
U+18C95,Khitan Large Script Character 18C95,U+18C95,𘲕,,0,[],[],,Unicode Block,"[{'source_name': 'Unicode', 'url': 'Unicode Block U+18B00–U+18CFF', 'fetched_at': '2025-09-22T17:38:31.192950'}]"
U+18C96,Khitan Large Script Character 18C96,U+18C96,𘲖,,0,[],[],,Unicode Block,"[{'source_name': 'Unicode', 'url': 'Unicode Block U+18B00–U+18CFF', 'fetched_at': '2025-09-22T17:38:31.192957'}]"
U+18C97,Khitan Large Script Character 18C97,U+18C97,𘲗,,0,[],[],,Unicode Block,"[{'source_name': 'Unicode', 'url': 'Unicode Block U+18B00–U+18CFF', 'fetched_at': '2025-09-22T17:38:31.192963'}]"
U+18C98,Khitan Large Script Character 18C98,U+18C98,𘲘,,0,[],[],,Unicode Block,"[{'source_name': 'Unicode', 'url': 'Unicode Block U+18B00–U+18CFF', 'fetched_at': '2025-09-22T17:38:31.192968'}]"
U+18C99,Khitan Large Script Character 18C99,U+18C99,𘲙,,0,[],[],,Unicode Block,"[{'source_name': 'Unicode', 'url': 'Unicode Block U+18B00–U+18CFF', 'fetched_at': '2025-09-22T17:38:31.192974'}]"
U+18C9A,Khitan Large Script Character 18C9A,U+18C9A,𘲚,,0,[],[],,Unicode Block,"[{'source_name': 'Unicode', 'url': 'Unicode Block U+18B00–U+18CFF', 'fetched_at': '2025-09-22T17:38:31.192980'}]"
U+18C9B,Khitan Large Script Character 18C9B,U+18C9B,𘲛,,0,[],[],,Unicode Block,"[{'source_name': 'Unicode', 'url': 'Unicode Block U+18B00–U+18CFF', 'fetched_at': '2025-09-22T17:38:31.192986'}]"
U+18C9C,Khitan Large Script Character 18C9C,U+18C9C,𘲜,,0,[],[],,Unicode Block,"[{'source_name': 'Unicode', 'url': 'Unicode Block U+18B00–U+18CFF', 'fetched_at': '2025-09-22T17:38:31.192991'}]"
U+18C9D,Khitan Large Script Character 18C9D,U+18C9D,𘲝,,0,[],[],,Unicode Block,"[{'source_name': 'Unicode', 'url': 'Unicode Block U+18B00–U+18CFF', 'fetched_at': '2025-09-22T17:38:31.192997'}]"
U+18C9E,Khitan Large Script Character 18C9E,U+18C9E,𘲞,,0,[],[],,Unicode Block,"[{'source_name': 'Unicode', 'url': 'Unicode Block U+18B00–U+18CFF', 'fetched_at': '2025-09-22T17:38:31.193005'}]"
U+18C9F,Khitan Large Script Character 18C9F,U+18C9F,𘲟,,0,[],[],,Unicode Block,"[{'source_name': 'Unicode', 'url': 'Unicode Block U+18B00–U+18CFF', 'fetched_at': '2025-09-22T17:38:31.193010'}]"
U+18CA0,Khitan Large Script Character 18CA0,U+18CA0,𘲠,,0,[],[],,Unicode Block,"[{'source_name': 'Unicode', 'url': 'Unicode Block U+18B00–U+18CFF', 'fetched_at': '2025-09-22T17:38:31.193016'}]"
U+18CA1,Khitan Large Script Character 18CA1,U+18CA1,𘲡,,0,[],[],,Unicode Block,"[{'source_name': 'Unicode', 'url': 'Unicode Block U+18B00–U+18CFF', 'fetched_at': '2025-09-22T17:38:31.193024'}]"
U+18CA2,Khitan Large Script Character 18CA2,U+18CA2,𘲢,,0,[],[],,Unicode Block,"[{'source_name': 'Unicode', 'url': 'Unicode Block U+18B00–U+18CFF', 'fetched_at': '2025-09-22T17:38:31.193061'}]"
U+18CA3,Khitan Large Script Character 18CA3,U+18CA3,𘲣,,0,[],[],,Unicode Block,"[{'source_name': 'Unicode', 'url': 'Unicode Block U+18B00–U+18CFF', 'fetched_at': '2025-09-22T17:38:31.193072'}]"
U+18CA4,Khitan Large Script Character 18CA4,U+18CA4,𘲤,,0,[],[],,Unicode Block,"[{'source_name': 'Unicode', 'url': 'Unicode Block U+18B00–U+18CFF', 'fetched_at': '2025-09-22T17:38:31.193079'}]"
U+18CA5,Khitan Large Script Character 18CA5,U+18CA5,𘲥,,0,[],[],,Unicode Block,"[{'source_name': 'Unicode', 'url': 'Unicode Block U+18B00–U+18CFF', 'fetched_at': '2025-09-22T17:38:31.193084'}]"
U+18CA6,Khitan Large Script Character 18CA6,U+18CA6,𘲦,,0,[],[],,Unicode Block,"[{'source_name': 'Unicode', 'url': 'Unicode Block U+18B00–U+18CFF', 'fetched_at': '2025-09-22T17:38:31.193090'}]"
U+18CA7,Khitan Large Script Character 18CA7,U+18CA7,𘲧,,0,[],[],,Unicode Block,"[{'source_name': 'Unicode', 'url': 'Unicode Block U+18B00–U+18CFF', 'fetched_at': '2025-09-22T17:38:31.193096'}]"
U+18CA8,Khitan Large Script Character 18CA8,U+18CA8,𘲨,,0,[],[],,Unicode Block,"[{'source_name': 'Unicode', 'url': 'Unicode Block U+18B00–U+18CFF', 'fetched_at': '2025-09-22T17:38:31.193105'}]"
U+18CA9,Khitan Large Script Character 18CA9,U+18CA9,𘲩,,0,[],[],,Unicode Block,"[{'source_name': 'Unicode', 'url': 'Unicode Block U+18B00–U+18CFF', 'fetched_at': '2025-09-22T17:38:31.193111'}]"
U+18CAA,Khitan Large Script Character 18CAA,U+18CAA,𘲪,,0,[],[],,Unicode Block,"[{'source_name': 'Unicode', 'url': 'Unicode Block U+18B00–U+18CFF', 'fetched_at': '2025-09-22T17:38:31.193117'}]"
U+18CAB,Khitan Large Script Character 18CAB,U+18CAB,𘲫,,0,[],[],,Unicode Block,"[{'source_name': 'Unicode', 'url': 'Unicode Block U+18B00–U+18CFF', 'fetched_at': '2025-09-22T17:38:31.193124'}]"
U+18CAC,Khitan Large Script Character 18CAC,U+18CAC,𘲬,,0,[],[],,Unicode Block,"[{'source_name': 'Unicode', 'url': 'Unicode Block U+18B00–U+18CFF', 'fetched_at': '2025-09-22T17:38:31.193130'}]"
U+18CAD,Khitan Large Script Character 18CAD,U+18CAD,𘲭,,0,[],[],,Unicode Block,"[{'source_name': 'Unicode', 'url': 'Unicode Block U+18B00–U+18CFF', 'fetched_at': '2025-09-22T17:38:31.193136'}]"
U+18CAE,Khitan Large Script Character 18CAE,U+18CAE,𘲮,,0,[],[],,Unicode Block,"[{'source_name': 'Unicode', 'url': 'Unicode Block U+18B00–U+18CFF', 'fetched_at': '2025-09-22T17:38:31.193147'}]"
U+18CAF,Khitan Large Script Character 18CAF,U+18CAF,𘲯,,0,[],[],,Unicode Block,"[{'source_name': 'Unicode', 'url': 'Unicode Block U+18B00–U+18CFF', 'fetched_at': '2025-09-22T17:38:31.193153'}]"
U+18CB0,Khitan Large Script Character 18CB0,U+18CB0,𘲰,,0,[],[],,Unicode Block,"[{'source_name': 'Unicode', 'url': 'Unicode Block U+18B00–U+18CFF', 'fetched_at': '2025-09-22T17:38:31.193158'}]"
U+18CB1,Khitan Large Script Character 18CB1,U+18CB1,𘲱,,0,[],[],,Unicode Block,"[{'source_name': 'Unicode', 'url': 'Unicode Block U+18B00–U+18CFF', 'fetched_at': '2025-09-22T17:38:31.193164'}]"
U+18CB2,Khitan Large Script Character 18CB2,U+18CB2,𘲲,,0,[],[],,Unicode Block,"[{'source_name': 'Unicode', 'url': 'Unicode Block U+18B00–U+18CFF', 'fetched_at': '2025-09-22T17:38:31.193173'}]"
U+18CB3,Khitan Large Script Character 18CB3,U+18CB3,𘲳,,0,[],[],,Unicode Block,"[{'source_name': 'Unicode', 'url': 'Unicode Block U+18B00–U+18CFF', 'fetched_at': '2025-09-22T17:38:31.193179'}]"
U+18CB4,Khitan Large Script Character 18CB4,U+18CB4,𘲴,,0,[],[],,Unicode Block,"[{'source_name': 'Unicode', 'url': 'Unicode Block U+18B00–U+18CFF', 'fetched_at': '2025-09-22T17:38:31.193201'}]"
U+18CB5,Khitan Large Script Character 18CB5,U+18CB5,𘲵,,0,[],[],,Unicode Block,"[{'source_name': 'Unicode', 'url': 'Unicode Block U+18B00–U+18CFF', 'fetched_at': '2025-09-22T17:38:31.193207'}]"
U+18CB6,Khitan Large Script Character 18CB6,U+18CB6,𘲶,,0,[],[],,Unicode Block,"[{'source_name': 'Unicode', 'url': 'Unicode Block U+18B00–U+18CFF', 'fetched_at': '2025-09-22T17:38:31.193215'}]"
U+18CB7,Khitan Large Script Character 18CB7,U+18CB7,𘲷,,0,[],[],,Unicode Block,"[{'source_name': 'Unicode', 'url': 'Unicode Block U+18B00–U+18CFF', 'fetched_at': '2025-09-22T17:38:31.193221'}]"
U+18CB8,Khitan Large Script Character 18CB8,U+18CB8,𘲸,,0,[],[],,Unicode Block,"[{'source_name': 'Unicode', 'url': 'Unicode Block U+18B00–U+18CFF', 'fetched_at': '2025-09-22T17:38:31.193227'}]"
U+18CB9,Khitan Large Script Character 18CB9,U+18CB9,𘲹,,0,[],[],,Unicode Block,"[{'source_name': 'Unicode', 'url': 'Unicode Block U+18B00–U+18CFF', 'fetched_at': '2025-09-22T17:38:31.193232'}]"
U+18CBA,Khitan Large Script Character 18CBA,U+18CBA,𘲺,,0,[],[],,Unicode Block,"[{'source_name': 'Unicode', 'url': 'Unicode Block U+18B00–U+18CFF', 'fetched_at': '2025-09-22T17:38:31.193238'}]"
U+18CBB,Khitan Large Script Character 18CBB,U+18CBB,𘲻,,0,[],[],,Unicode Block,"[{'source_name': 'Unicode', 'url': 'Unicode Block U+18B00–U+18CFF', 'fetched_at': '2025-09-22T17:38:31.193244'}]"
U+18CBC,Khitan Large Script Character 18CBC,U+18CBC,𘲼,,0,[],[],,Unicode Block,"[{'source_name': 'Unicode', 'url': 'Unicode Block U+18B00–U+18CFF', 'fetched_at': '2025-09-22T17:38:31.193253'}]"
U+18CBD,Khitan Large Script Character 18CBD,U+18CBD,𘲽,,0,[],[],,Unicode Block,"[{'source_name': 'Unicode', 'url': 'Unicode Block U+18B00–U+18CFF', 'fetched_at': '2025-09-22T17:38:31.193258'}]"
U+18CBE,Khitan Large Script Character 18CBE,U+18CBE,𘲾,,0,[],[],,Unicode Block,"[{'source_name': 'Unicode', 'url': 'Unicode Block U+18B00–U+18CFF', 'fetched_at': '2025-09-22T17:38:31.193264'}]"
U+18CBF,Khitan Large Script Character 18CBF,U+18CBF,𘲿,,0,[],[],,Unicode Block,"[{'source_name': 'Unicode', 'url': 'Unicode Block U+18B00–U+18CFF', 'fetched_at': '2025-09-22T17:38:31.193270'}]"
U+18CC0,Khitan Large Script Character 18CC0,U+18CC0,𘳀,,0,[],[],,Unicode Block,"[{'source_name': 'Unicode', 'url': 'Unicode Block U+18B00–U+18CFF', 'fetched_at': '2025-09-22T17:38:31.193276'}]"
U+18CC1,Khitan Large Script Character 18CC1,U+18CC1,𘳁,,0,[],[],,Unicode Block,"[{'source_name': 'Unicode', 'url': 'Unicode Block U+18B00–U+18CFF', 'fetched_at': '2025-09-22T17:38:31.193283'}]"
U+18CC2,Khitan Large Script Character 18CC2,U+18CC2,𘳂,,0,[],[],,Unicode Block,"[{'source_name': 'Unicode', 'url': 'Unicode Block U+18B00–U+18CFF', 'fetched_at': '2025-09-22T17:38:31.193289'}]"
U+18CC3,Khitan Large Script Character 18CC3,U+18CC3,𘳃,,0,[],[],,Unicode Block,"[{'source_name': 'Unicode', 'url': 'Unicode Block U+18B00–U+18CFF', 'fetched_at': '2025-09-22T17:38:31.193295'}]"
U+18CC4,Khitan Large Script Character 18CC4,U+18CC4,𘳄,,0,[],[],,Unicode Block,"[{'source_name': 'Unicode', 'url': 'Unicode Block U+18B00–U+18CFF', 'fetched_at': '2025-09-22T17:38:31.193300'}]"
U+18CC5,Khitan Large Script Character 18CC5,U+18CC5,𘳅,,0,[],[],,Unicode Block,"[{'source_name': 'Unicode', 'url': 'Unicode Block U+18B00–U+18CFF', 'fetched_at': '2025-09-22T17:38:31.193306'}]"
U+18CC6,Khitan Large Script Character 18CC6,U+18CC6,𘳆,,0,[],[],,Unicode Block,"[{'source_name': 'Unicode', 'url': 'Unicode Block U+18B00–U+18CFF', 'fetched_at': '2025-09-22T17:38:31.193314'}]"
U+18CC7,Khitan Large Script Character 18CC7,U+18CC7,𘳇,,0,[],[],,Unicode Block,"[{'source_name': 'Unicode', 'url': 'Unicode Block U+18B00–U+18CFF', 'fetched_at': '2025-09-22T17:38:31.193319'}]"
U+18CC8,Khitan Large Script Character 18CC8,U+18CC8,𘳈,,0,[],[],,Unicode Block,"[{'source_name': 'Unicode', 'url': 'Unicode Block U+18B00–U+18CFF', 'fetched_at': '2025-09-22T17:38:31.193325'}]"
U+18CC9,Khitan Large Script Character 18CC9,U+18CC9,𘳉,,0,[],[],,Unicode Block,"[{'source_name': 'Unicode', 'url': 'Unicode Block U+18B00–U+18CFF', 'fetched_at': '2025-09-22T17:38:31.193331'}]"
U+18CCA,Khitan Large Script Character 18CCA,U+18CCA,𘳊,,0,[],[],,Unicode Block,"[{'source_name': 'Unicode', 'url': 'Unicode Block U+18B00–U+18CFF', 'fetched_at': '2025-09-22T17:38:31.193337'}]"
U+18CCB,Khitan Large Script Character 18CCB,U+18CCB,𘳋,,0,[],[],,Unicode Block,"[{'source_name': 'Unicode', 'url': 'Unicode Block U+18B00–U+18CFF', 'fetched_at': '2025-09-22T17:38:31.193344'}]"
U+18CCC,Khitan Large Script Character 18CCC,U+18CCC,𘳌,,0,[],[],,Unicode Block,"[{'source_name': 'Unicode', 'url': 'Unicode Block U+18B00–U+18CFF', 'fetched_at': '2025-09-22T17:38:31.193350'}]"
U+18CCD,Khitan Large Script Character 18CCD,U+18CCD,𘳍,,0,[],[],,Unicode Block,"[{'source_name': 'Unicode', 'url': 'Unicode Block U+18B00–U+18CFF', 'fetched_at': '2025-09-22T17:38:31.193358'}]"
U+18CCE,Khitan Large Script Character 18CCE,U+18CCE,𘳎,,0,[],[],,Unicode Block,"[{'source_name': 'Unicode', 'url': 'Unicode Block U+18B00–U+18CFF', 'fetched_at': '2025-09-22T17:38:31.193363'}]"
U+18CCF,Khitan Large Script Character 18CCF,U+18CCF,𘳏,,0,[],[],,Unicode Block,"[{'source_name': 'Unicode', 'url': 'Unicode Block U+18B00–U+18CFF', 'fetched_at': '2025-09-22T17:38:31.193369'}]"
U+18CD0,Khitan Large Script Character 18CD0,U+18CD0,𘳐,,0,[],[],,Unicode Block,"[{'source_name': 'Unicode', 'url': 'Unicode Block U+18B00–U+18CFF', 'fetched_at': '2025-09-22T17:38:31.193377'}]"
U+18CD1,Khitan Large Script Character 18CD1,U+18CD1,𘳑,,0,[],[],,Unicode Block,"[{'source_name': 'Unicode', 'url': 'Unicode Block U+18B00–U+18CFF', 'fetched_at': '2025-09-22T17:38:31.193382'}]"
U+18CD2,Khitan Large Script Character 18CD2,U+18CD2,𘳒,,0,[],[],,Unicode Block,"[{'source_name': 'Unicode', 'url': 'Unicode Block U+18B00–U+18CFF', 'fetched_at': '2025-09-22T17:38:31.193388'}]"
U+18CD3,Khitan Large Script Character 18CD3,U+18CD3,𘳓,,0,[],[],,Unicode Block,"[{'source_name': 'Unicode', 'url': 'Unicode Block U+18B00–U+18CFF', 'fetched_at': '2025-09-22T17:38:31.193394'}]"
U+18CD4,Khitan Large Script Character 18CD4,U+18CD4,𘳔,,0,[],[],,Unicode Block,"[{'source_name': 'Unicode', 'url': 'Unicode Block U+18B00–U+18CFF', 'fetched_at': '2025-09-22T17:38:31.193400'}]"
U+18CD5,Khitan Large Script Character 18CD5,U+18CD5,𘳕,,0,[],[],,Unicode Block,"[{'source_name': 'Unicode', 'url': 'Unicode Block U+18B00–U+18CFF', 'fetched_at': '2025-09-22T17:38:31.193405'}]"
U+18CD6,Khitan Large Script Character 18CD6,U+18CD6,𘳖,,0,[],[],,Unicode Block,"[{'source_name': 'Unicode', 'url': 'Unicode Block U+18B00–U+18CFF', 'fetched_at': '2025-09-22T17:38:31.193420'}]"
U+18CD7,Khitan Large Script Character 18CD7,U+18CD7,𘳗,,0,[],[],,Unicode Block,"[{'source_name': 'Unicode', 'url': 'Unicode Block U+18B00–U+18CFF', 'fetched_at': '2025-09-22T17:38:31.193426'}]"
U+18CD8,Khitan Large Script Character 18CD8,U+18CD8,𘳘,,0,[],[],,Unicode Block,"[{'source_name': 'Unicode', 'url': 'Unicode Block U+18B00–U+18CFF', 'fetched_at': '2025-09-22T17:38:31.193432'}]"
U+18CD9,Khitan Large Script Character 18CD9,U+18CD9,𘳙,,0,[],[],,Unicode Block,"[{'source_name': 'Unicode', 'url': 'Unicode Block U+18B00–U+18CFF', 'fetched_at': '2025-09-22T17:38:31.193438'}]"
U+18CDA,Khitan Large Script Character 18CDA,U+18CDA,𘳚,,0,[],[],,Unicode Block,"[{'source_name': 'Unicode', 'url': 'Unicode Block U+18B00–U+18CFF', 'fetched_at': '2025-09-22T17:38:31.193448'}]"
U+18CDB,Khitan Large Script Character 18CDB,U+18CDB,𘳛,,0,[],[],,Unicode Block,"[{'source_name': 'Unicode', 'url': 'Unicode Block U+18B00–U+18CFF', 'fetched_at': '2025-09-22T17:38:31.193454'}]"
U+18CDC,Khitan Large Script Character 18CDC,U+18CDC,𘳜,,0,[],[],,Unicode Block,"[{'source_name': 'Unicode', 'url': 'Unicode Block U+18B00–U+18CFF', 'fetched_at': '2025-09-22T17:38:31.193461'}]"
U+18CDD,Khitan Large Script Character 18CDD,U+18CDD,𘳝,,0,[],[],,Unicode Block,"[{'source_name': 'Unicode', 'url': 'Unicode Block U+18B00–U+18CFF', 'fetched_at': '2025-09-22T17:38:31.193467'}]"
U+18CDE,Khitan Large Script Character 18CDE,U+18CDE,𘳞,,0,[],[],,Unicode Block,"[{'source_name': 'Unicode', 'url': 'Unicode Block U+18B00–U+18CFF', 'fetched_at': '2025-09-22T17:38:31.193473'}]"
U+18CDF,Khitan Large Script Character 18CDF,U+18CDF,𘳟,,0,[],[],,Unicode Block,"[{'source_name': 'Unicode', 'url': 'Unicode Block U+18B00–U+18CFF', 'fetched_at': '2025-09-22T17:38:31.193478'}]"
U+18CE0,Khitan Large Script Character 18CE0,U+18CE0,𘳠,,0,[],[],,Unicode Block,"[{'source_name': 'Unicode', 'url': 'Unicode Block U+18B00–U+18CFF', 'fetched_at': '2025-09-22T17:38:31.193484'}]"
U+18CE1,Khitan Large Script Character 18CE1,U+18CE1,𘳡,,0,[],[],,Unicode Block,"[{'source_name': 'Unicode', 'url': 'Unicode Block U+18B00–U+18CFF', 'fetched_at': '2025-09-22T17:38:31.193492'}]"
U+18CE2,Khitan Large Script Character 18CE2,U+18CE2,𘳢,,0,[],[],,Unicode Block,"[{'source_name': 'Unicode', 'url': 'Unicode Block U+18B00–U+18CFF', 'fetched_at': '2025-09-22T17:38:31.193497'}]"
U+18CE3,Khitan Large Script Character 18CE3,U+18CE3,𘳣,,0,[],[],,Unicode Block,"[{'source_name': 'Unicode', 'url': 'Unicode Block U+18B00–U+18CFF', 'fetched_at': '2025-09-22T17:38:31.193503'}]"
U+18CE4,Khitan Large Script Character 18CE4,U+18CE4,𘳤,,0,[],[],,Unicode Block,"[{'source_name': 'Unicode', 'url': 'Unicode Block U+18B00–U+18CFF', 'fetched_at': '2025-09-22T17:38:31.193511'}]"
U+18CE5,Khitan Large Script Character 18CE5,U+18CE5,𘳥,,0,[],[],,Unicode Block,"[{'source_name': 'Unicode', 'url': 'Unicode Block U+18B00–U+18CFF', 'fetched_at': '2025-09-22T17:38:31.193516'}]"
U+18CE6,Khitan Large Script Character 18CE6,U+18CE6,𘳦,,0,[],[],,Unicode Block,"[{'source_name': 'Unicode', 'url': 'Unicode Block U+18B00–U+18CFF', 'fetched_at': '2025-09-22T17:38:31.193522'}]"
U+18CE7,Khitan Large Script Character 18CE7,U+18CE7,𘳧,,0,[],[],,Unicode Block,"[{'source_name': 'Unicode', 'url': 'Unicode Block U+18B00–U+18CFF', 'fetched_at': '2025-09-22T17:38:31.193528'}]"
U+18CE8,Khitan Large Script Character 18CE8,U+18CE8,𘳨,,0,[],[],,Unicode Block,"[{'source_name': 'Unicode', 'url': 'Unicode Block U+18B00–U+18CFF', 'fetched_at': '2025-09-22T17:38:31.193534'}]"
U+18CE9,Khitan Large Script Character 18CE9,U+18CE9,𘳩,,0,[],[],,Unicode Block,"[{'source_name': 'Unicode', 'url': 'Unicode Block U+18B00–U+18CFF', 'fetched_at': '2025-09-22T17:38:31.193539'}]"
U+18CEA,Khitan Large Script Character 18CEA,U+18CEA,𘳪,,0,[],[],,Unicode Block,"[{'source_name': 'Unicode', 'url': 'Unicode Block U+18B00–U+18CFF', 'fetched_at': '2025-09-22T17:38:31.193545'}]"
U+18CEB,Khitan Large Script Character 18CEB,U+18CEB,𘳫,,0,[],[],,Unicode Block,"[{'source_name': 'Unicode', 'url': 'Unicode Block U+18B00–U+18CFF', 'fetched_at': '2025-09-22T17:38:31.193552'}]"
U+18CEC,Khitan Large Script Character 18CEC,U+18CEC,𘳬,,0,[],[],,Unicode Block,"[{'source_name': 'Unicode', 'url': 'Unicode Block U+18B00–U+18CFF', 'fetched_at': '2025-09-22T17:38:31.193558'}]"
U+18CED,Khitan Large Script Character 18CED,U+18CED,𘳭,,0,[],[],,Unicode Block,"[{'source_name': 'Unicode', 'url': 'Unicode Block U+18B00–U+18CFF', 'fetched_at': '2025-09-22T17:38:31.193566'}]"
U+18CEE,Khitan Large Script Character 18CEE,U+18CEE,𘳮,,0,[],[],,Unicode Block,"[{'source_name': 'Unicode', 'url': 'Unicode Block U+18B00–U+18CFF', 'fetched_at': '2025-09-22T17:38:31.193573'}]"
U+18CEF,Khitan Large Script Character 18CEF,U+18CEF,𘳯,,0,[],[],,Unicode Block,"[{'source_name': 'Unicode', 'url': 'Unicode Block U+18B00–U+18CFF', 'fetched_at': '2025-09-22T17:38:31.193581'}]"
U+18CF0,Khitan Large Script Character 18CF0,U+18CF0,𘳰,,0,[],[],,Unicode Block,"[{'source_name': 'Unicode', 'url': 'Unicode Block U+18B00–U+18CFF', 'fetched_at': '2025-09-22T17:38:31.193587'}]"
U+18CF1,Khitan Large Script Character 18CF1,U+18CF1,𘳱,,0,[],[],,Unicode Block,"[{'source_name': 'Unicode', 'url': 'Unicode Block U+18B00–U+18CFF', 'fetched_at': '2025-09-22T17:38:31.193592'}]"
U+18CF2,Khitan Large Script Character 18CF2,U+18CF2,𘳲,,0,[],[],,Unicode Block,"[{'source_name': 'Unicode', 'url': 'Unicode Block U+18B00–U+18CFF', 'fetched_at': '2025-09-22T17:38:31.193598'}]"
U+18CF3,Khitan Large Script Character 18CF3,U+18CF3,𘳳,,0,[],[],,Unicode Block,"[{'source_name': 'Unicode', 'url': 'Unicode Block U+18B00–U+18CFF', 'fetched_at': '2025-09-22T17:38:31.193604'}]"
U+18CF4,Khitan Large Script Character 18CF4,U+18CF4,𘳴,,0,[],[],,Unicode Block,"[{'source_name': 'Unicode', 'url': 'Unicode Block U+18B00–U+18CFF', 'fetched_at': '2025-09-22T17:38:31.193610'}]"
U+18CF5,Khitan Large Script Character 18CF5,U+18CF5,𘳵,,0,[],[],,Unicode Block,"[{'source_name': 'Unicode', 'url': 'Unicode Block U+18B00–U+18CFF', 'fetched_at': '2025-09-22T17:38:31.193615'}]"
U+18CF6,Khitan Large Script Character 18CF6,U+18CF6,𘳶,,0,[],[],,Unicode Block,"[{'source_name': 'Unicode', 'url': 'Unicode Block U+18B00–U+18CFF', 'fetched_at': '2025-09-22T17:38:31.193623'}]"
U+18CF7,Khitan Large Script Character 18CF7,U+18CF7,𘳷,,0,[],[],,Unicode Block,"[{'source_name': 'Unicode', 'url': 'Unicode Block U+18B00–U+18CFF', 'fetched_at': '2025-09-22T17:38:31.193629'}]"
U+18CF8,Khitan Large Script Character 18CF8,U+18CF8,𘳸,,0,[],[],,Unicode Block,"[{'source_name': 'Unicode', 'url': 'Unicode Block U+18B00–U+18CFF', 'fetched_at': '2025-09-22T17:38:31.193636'}]"
U+18CF9,Khitan Large Script Character 18CF9,U+18CF9,𘳹,,0,[],[],,Unicode Block,"[{'source_name': 'Unicode', 'url': 'Unicode Block U+18B00–U+18CFF', 'fetched_at': '2025-09-22T17:38:31.193642'}]"
U+18CFA,Khitan Large Script Character 18CFA,U+18CFA,𘳺,,0,[],[],,Unicode Block,"[{'source_name': 'Unicode', 'url': 'Unicode Block U+18B00–U+18CFF', 'fetched_at': '2025-09-22T17:38:31.193648'}]"
U+18CFB,Khitan Large Script Character 18CFB,U+18CFB,𘳻,,0,[],[],,Unicode Block,"[{'source_name': 'Unicode', 'url': 'Unicode Block U+18B00–U+18CFF', 'fetched_at': '2025-09-22T17:38:31.193654'}]"
U+18CFC,Khitan Large Script Character 18CFC,U+18CFC,𘳼,,0,[],[],,Unicode Block,"[{'source_name': 'Unicode', 'url': 'Unicode Block U+18B00–U+18CFF', 'fetched_at': '2025-09-22T17:38:31.193659'}]"
U+18CFD,Khitan Large Script Character 18CFD,U+18CFD,𘳽,,0,[],[],,Unicode Block,"[{'source_name': 'Unicode', 'url': 'Unicode Block U+18B00–U+18CFF', 'fetched_at': '2025-09-22T17:38:31.193665'}]"
U+18CFE,Khitan Large Script Character 18CFE,U+18CFE,𘳾,,0,[],[],,Unicode Block,"[{'source_name': 'Unicode', 'url': 'Unicode Block U+18B00–U+18CFF', 'fetched_at': '2025-09-22T17:38:31.193671'}]"
U+18CFF,Khitan Large Script Character 18CFF,U+18CFF,𘳿,,0,[],[],,Unicode Block,"[{'source_name': 'Unicode', 'url': 'Unicode Block U+18B00–U+18CFF', 'fetched_at': '2025-09-22T17:38:31.193677'}]"
